{"id":"SERVICE_DEFINITION_MODEL-1c8b5797-6cee-4701-9d6f-f478f25f9924","name":"JOB_E_Service_GetTheUserPyids","key":"jOB_E_Service_GetTheUserPyids","description":null,"tenantId":"default","editorJson":{"type":"REST","operations":[{"name":"findById","key":"findById","inputParameters":[{"displayName":"Task Identifier","name":"taskIdentifier","mappingName":"taskIdentifier","required":false,"type":"string"},{"displayName":"Case Id","name":"caseId","mappingName":"caseId","required":false,"type":"string"},{"displayName":"pyIds","name":"pyIds","mappingName":"pyIds","required":false,"type":"string"}],"config":{"url":"","method":"GET"},"type":"search"},{"name":"findByVariables","key":"findByVariables","inputParameters":[{"displayName":"Task Identifier","name":"taskIdentifier","mappingName":"taskIdentifier","required":false,"type":"string"},{"displayName":"Case Id","name":"caseId","mappingName":"caseId","required":false,"type":"string"}],"config":{"url":"?taskIdentifier=${taskIdentifier}&caseId=${caseId}","method":"GET","outputPath":""},"type":"search","outputParameters":[{"displayName":"Task Identifier","name":"taskIdentifier","nullValueConfig":"setToNull","missingValueConfig":"ignore","mappingName":"taskIdentifier","type":"string"},{"displayName":"Case Id","name":"caseId","nullValueConfig":"setToNull","missingValueConfig":"ignore","mappingName":"caseId","type":"string"},{"displayName":"PY_IDS","name":"PY_Ids","nullValueConfig":"setToNull","missingValueConfig":"ignore","mappingName":"PY_Ids","type":"json"}]}],"config":{"baseUrl":"http://nifi1:8000/jecs_112/pyids"},"referenceKey":"jOB_E_DataObj_GetTheUserDetails","tenantId":"default","outputParameters":[{"displayName":"Task Identifier","name":"taskIdentifier","nullValueConfig":"setToNull","missingValueConfig":"ignore","mappingName":"taskIdentifier","type":"string"},{"displayName":"Case Id","name":"caseId","nullValueConfig":"setToNull","missingValueConfig":"ignore","mappingName":"caseId","type":"string"},{"displayName":"PY_IDS","name":"PY_Ids","nullValueConfig":"setToNull","missingValueConfig":"ignore","mappingName":"PY_Ids","type":"json"}],"lookupId":"taskIdentifier"}}