{"id":"PROCESS_MODEL-8ec4378e-da2a-403c-a428-008b0feac2c4","name":"Job_E_Process_Manual_Task_Assignment","key":"job_E_Process_Manual_Task_Assignment","description":"","tenantId":"default","editorJson":{"resourceId":"editor_PROCESS_MODEL-8ec4378e-da2a-403c-a428-008b0feac2c4","stencil":{"id":"BPMNDiagram"},"pathProperties":{},"pathMappingProperties":{},"xmlProperties":["processsequence","processsequence-run","processsequencevariablename","processsequencevariablename-run","processinstancename","processinstancename_en_us","processinstancename_en_us-run","processinstancename_it_it","processinstancename_it_it-run","processinstancename_es_es","processinstancename_es_es-run","processinstancename_fr_fr","processinstancename_fr_fr-run","processinstancename_de_de","processinstancename_de_de-run","processinstancename-run","processinstancename_i18n-key","processinstancebusinessstatus","processinstancebusinessstatus-run","processinstancebusinesskey","processinstancebusinesskey-run","process_namespace"],"childShapes":[{"resourceId":"startnoneevent1","stencil":{"id":"StartNoneEvent"},"pathProperties":{},"pathMappingProperties":{},"xmlProperties":["formproperties"],"childShapes":[],"bounds":{"lowerRight":{"x":147,"y":291},"upperLeft":{"x":117,"y":261}},"specialproperties":{"formreference":{"type":"treeview"},"workformreference":{"type":"treeview"}},"outputmappingproperties":{"formproperties":{"type":"formlist","placeholders":[]},"fields":{"type":"complex","placeholders":[]},"executionlistener":{"type":"complex","placeholders":[]},"workforminputmappings":{"type":"complex","placeholders":[]}},"properties":{"stencilid":"StartNoneEvent","stencilsuperid":"StartNoneEvent","stencilsuperids":["StartNoneEvent"],"customstencil":false,"formproperties":"","notes":"","interrupting":true,"bgcolor":"#ffffff","bordercolor":"#000000","executionlistener":"","name":"","name-run":"","id":"startnoneevent1","documentation":"","fontsize":"","fontweight":"","fontstyle":"","fontcolor":"#000000","async":false,"exclusive":true,"asyncleave":false,"trigger":"None","initiator":"initiator","formreference":"","samedeployment":true,"formfieldvalidation":false,"formfieldvalidation-run":"","workformreference":"","workformsamedeployment":true,"workformfieldvalidation":false,"workformfieldvalidation-run":"","workforminputmappingtype":"allowed","workforminputmappings":"","xmlTag":"StartNoneEvent"},"ssextensions":[],"outgoing":[{"resourceId":"sequenceFlow1"}],"dockers":[],"labels":[{"styles":{"fill":"#000000","size":"12","italic":false,"bold":false},"ref":"text_name"}]},{"resourceId":"sequenceFlow1","stencil":{"id":"SequenceFlow"},"pathProperties":{},"pathMappingProperties":{},"xmlProperties":[],"childShapes":[],"bounds":{"lowerRight":{"x":190,"y":276},"upperLeft":{"x":147,"y":276}},"outputmappingproperties":{"fields":{"type":"complex","placeholders":[]},"executionlistener":{"type":"complex","placeholders":[]}},"properties":{"stencilid":"SequenceFlow","stencilsuperid":"SequenceFlow","stencilsuperids":["SequenceFlow"],"customstencil":false,"bordercolor":"#000000","notes":"","executionlistener":"","name":"","name-run":"","id":"sequenceFlow1","bgcolor":"#ffffff","documentation":"","fontsize":"12","fontweight":"normal","fontstyle":"normal","fontcolor":"#000000","conditionexpression":"","skipexpression":"","showdiamondmarker":false,"defaultflow":false,"xmlTag":"SequenceFlow"},"ssextensions":[],"outgoing":[{"resourceId":"formTask3"}],"dockers":[{"x":15,"y":15},{"x":50,"y":40}],"labels":[{"styles":{"fill":"#000000","size":"12","italic":false,"bold":false},"ref":"text_name"}],"target":{"resourceId":"formTask3"}},{"resourceId":"endNoneEvent1","stencil":{"id":"EndNoneEvent"},"pathProperties":{},"pathMappingProperties":{},"xmlProperties":[],"childShapes":[],"bounds":{"lowerRight":{"x":538,"y":290},"upperLeft":{"x":510,"y":262}},"outputmappingproperties":{"fields":{"type":"complex","placeholders":[]},"executionlistener":{"type":"complex","placeholders":[]}},"properties":{"stencilid":"EndNoneEvent","stencilsuperid":"EndNoneEvent","stencilsuperids":["EndNoneEvent"],"customstencil":false,"bgcolor":"#ffffff","notes":"","bordercolor":"#000000","executionlistener":"","name":"","name-run":"","id":"endNoneEvent1","documentation":"","fontsize":"12","fontweight":"normal","fontstyle":"normal","fontcolor":"#000000","async":false,"exclusive":true,"asyncleave":false,"trigger":"None","terminateall":false,"xmlTag":"EndNoneEvent"},"ssextensions":[],"outgoing":[],"dockers":[],"labels":[{"styles":{"fill":"#000000","size":"12","italic":false,"bold":false},"ref":"text_name"}]},{"resourceId":"formTask3","stencil":{"id":"Task"},"pathProperties":{},"pathMappingProperties":{},"xmlProperties":["loopvariableaggregation","exposetoobjectitems","exposeasmessageitems","formproperties"],"childShapes":[],"bounds":{"lowerRight":{"x":291.62890625,"y":316},"upperLeft":{"x":191.62890625,"y":236}},"specialproperties":{"form_entry":{"type":"treeview"},"securitypolicy":{"type":"treeview"}},"outputmappingproperties":{"loopvariableaggregation":{"type":"formlist","placeholders":[]},"fields":{"type":"complex","placeholders":[]},"executionlistener":{"type":"complex","placeholders":[]},"exposetoobjectitems":{"type":"complex","placeholders":[]},"exposeasmessageitems":{"type":"complex","placeholders":[]},"formproperties":{"type":"formlist","placeholders":[]},"genericproperty":{"type":"complex","placeholders":[]},"taskinputmappings":{"type":"complex","placeholders":[]},"tasklistener":{"type":"complex","placeholders":[]}},"properties":{"stencilid":"FormTask","stencilsuperid":"Task","stencilsuperids":["Task"],"customstencil":false,"includeinhistory":false,"notes":"","categories":"","looptype":"None","loopcollection":"","loopelementvariable":"","loopelementindexvariable":"loopCounter","loopcardinality":"","completioncondition":"","nowaitstatesasyncleave":"","loopvariableaggregation":"","isforcompensation":false,"executionlistener":"","exposetoobjectitems":"","async":false,"exclusive":true,"asyncleave":false,"exposeasmessageitems":"","customcaseviewheadersize":"","customcaseviewheadersize-run":"","formproperties":"","bordercolor":"#000000","tasktype":"FormTask","bgcolor":"#ffffff","guid":"","skipexpression":"","owner":"","owner-run":"","assignee":"akashb21","assignee-run":"akashb21","candidateusers":"","candidateusers-run":"","candidategroups":"","candidategroups-run":"","participantusers":"","participantusers-run":"","participantgroups":"","participantgroups-run":"","watcherusers":"","watcherusers-run":"","watchergroups":"","watchergroups-run":"","name":"Manual Task Assignment","name-run":"Manual Task Assignment","id":"formTask3","documentation":"","fontsize":"12","fontweight":"normal","fontstyle":"normal","fontcolor":"#000000","genericproperty":"","priority":"","duedate":"","categorydefinition":"","candidatestype":"all","name_en_us":"Manual Task Assignment","name_en_us-run":"","name_it_it":"","name_it_it-run":"","name_es_es":"","name_es_es-run":"","name_fr_fr":"","name_fr_fr-run":"","name_de_de":"","name_de_de-run":"","name_i18n-key":"","form_entry":{"id":"FORM_MODEL-22270a16-fa01-4295-ad64-6e2124c6be07","key":"job_E__Form_Manual_Task_Assignment"},"samedeployment":true,"formfieldvalidation":false,"formfieldvalidation-run":"","taskidvariablename":"","securitypolicy":"","exposetocaseview":"","elementlabel":"","elementlabel_en_us":"","elementlabel_it_it":"","elementlabel_es_es":"","elementlabel_fr_fr":"","elementlabel_de_de":"","elementlabel_i18n-key":"","elementicon":"","elementindex":"","activestaterendering":"fullAccess","completedstaterendering":"hidden","taskinputmappingtype":"allowed","taskinputmappings":"","tasklistener":"","customfolderpath":"","xmlTag":"FormTask"},"ssextensions":[],"outgoing":[{"resourceId":"sequenceFlow4"}],"dockers":[],"labels":[{"styles":{"fill":"#000000","size":"12","italic":false,"bold":false},"ref":"text_name"}]},{"resourceId":"sequenceFlow4","stencil":{"id":"SequenceFlow"},"pathProperties":{},"pathMappingProperties":{},"xmlProperties":[],"childShapes":[],"bounds":{"lowerRight":{"x":342,"y":276},"upperLeft":{"x":292,"y":276}},"outputmappingproperties":{"fields":{"type":"complex","placeholders":[]},"executionlistener":{"type":"complex","placeholders":[]}},"properties":{"stencilid":"SequenceFlow","stencilsuperid":"SequenceFlow","stencilsuperids":["SequenceFlow"],"customstencil":false,"bordercolor":"#000000","notes":"","executionlistener":"","name":"","name-run":"","id":"sequenceFlow4","bgcolor":"#ffffff","documentation":"","fontsize":"12","fontweight":"normal","fontstyle":"normal","fontcolor":"#000000","conditionexpression":"","skipexpression":"","showdiamondmarker":false,"defaultflow":false,"xmlTag":"SequenceFlow"},"ssextensions":[],"outgoing":[{"resourceId":"scriptTask1"}],"dockers":[{"x":50,"y":40},{"x":50,"y":40}],"labels":[{"styles":{"fill":"#000000","size":"12","italic":false,"bold":false},"ref":"text_name"}],"target":{"resourceId":"scriptTask1"}},{"resourceId":"scriptTask1","stencil":{"id":"Task"},"pathProperties":{},"pathMappingProperties":{},"xmlProperties":["loopvariableaggregation"],"childShapes":[],"bounds":{"lowerRight":{"x":442.62890625,"y":316},"upperLeft":{"x":342.62890625,"y":236}},"outputmappingproperties":{"loopvariableaggregation":{"type":"formlist","placeholders":[]},"fields":{"type":"complex","placeholders":[]},"executionlistener":{"type":"complex","placeholders":[]},"exceptionmappings":{"type":"complex","placeholders":[]}},"properties":{"stencilid":"ScriptTask","stencilsuperid":"Task","stencilsuperids":["Task"],"customstencil":false,"includeinhistory":false,"notes":"","categories":"","looptype":"None","loopcollection":"","loopelementvariable":"","loopelementindexvariable":"loopCounter","loopcardinality":"","completioncondition":"","nowaitstatesasyncleave":"","loopvariableaggregation":"","tasktype":"Script","bgcolor":"#ffffff","guid":"","skipexpression":"","isforcompensation":false,"bordercolor":"#000000","executionlistener":"","name":"Script task","name-run":"Script task","id":"scriptTask1","documentation":"","fontsize":"12","fontweight":"normal","fontstyle":"normal","fontcolor":"#000000","async":false,"exclusive":true,"asyncleave":false,"scriptformat":"groovy","script":"import org.flowable.task.api.Task;\nimport org.flowable.engine.TaskService;\nimport org.flowable.engine.RuntimeService;\nimport com.fasterxml.jackson.databind.ObjectMapper;\n\n// Retrieve the \"output\" variable from execution\nString pyId = execution.getVariable(\"pyId\") as String\nString taskId = execution.getVariable(\"taskId\") as String\n\n\n       \n\n// Get the TaskService instance\nTaskService taskService = processEngine.getTaskService();\n // Get the task using the task ID\n  Task task = taskService.createTaskQuery().taskId(taskId).singleResult();\n\n   if (task != null) {\n    // Add participants to the task\n             taskService.addUserIdentityLink(task.getId(), pyId, \"candidate\");\n    // task.setAssignee(assignee);\n\t//\ttaskService.saveTask(task);\n            } else {\n                throw new RuntimeException(\"Task not found with ID: \" + taskId);\n     }\n       \n","autostorevariables":false,"resultvariable":"","exceptionmappings":"","xmlTag":"ScriptTask"},"ssextensions":[],"outgoing":[{"resourceId":"sequenceFlow3"}],"dockers":[],"labels":[{"styles":{"fill":"#000000","size":"12","italic":false,"bold":false},"ref":"text_name"}]},{"resourceId":"sequenceFlow3","stencil":{"id":"SequenceFlow"},"pathProperties":{},"pathMappingProperties":{},"xmlProperties":[],"childShapes":[],"bounds":{"lowerRight":{"x":509,"y":276},"upperLeft":{"x":442,"y":276}},"outputmappingproperties":{"fields":{"type":"complex","placeholders":[]},"executionlistener":{"type":"complex","placeholders":[]}},"properties":{"stencilid":"SequenceFlow","stencilsuperid":"SequenceFlow","stencilsuperids":["SequenceFlow"],"customstencil":false,"bordercolor":"#000000","notes":"","executionlistener":"","name":"","name-run":"","id":"sequenceFlow3","bgcolor":"#ffffff","documentation":"","fontsize":"12","fontweight":"normal","fontstyle":"normal","fontcolor":"#000000","conditionexpression":"","skipexpression":"","showdiamondmarker":false,"defaultflow":false,"xmlTag":"SequenceFlow"},"ssextensions":[],"outgoing":[{"resourceId":"endNoneEvent1"}],"dockers":[{"x":50,"y":40},{"x":14,"y":14}],"labels":[{"styles":{"fill":"#000000","size":"12","italic":false,"bold":false},"ref":"text_name"}],"target":{"resourceId":"endNoneEvent1"}}],"bounds":{"lowerRight":{"x":1485,"y":1050},"upperLeft":{"x":0,"y":0}},"specialproperties":{"processsequence":{"type":"treeview"},"securitypolicy":{"type":"treeview"}},"outputmappingproperties":{"fields":{"type":"complex","placeholders":[]},"executionlistener":{"type":"complex","placeholders":[]},"dataproperties":{"type":"complex","placeholders":[]},"modelstatuselements":{"type":"formlist","placeholders":[]},"namespaces":{"type":"complex","placeholders":[]},"allowedhistoricvariables":{"type":"complex","placeholders":[]},"eventlisteners":{"type":"complex","placeholders":[]},"indexingfilters":{"type":"complex","placeholders":[]},"signaldefinitions":{"type":"complex","placeholders":[]},"messagedefinitions":{"type":"complex","placeholders":[]}},"properties":{"stencilid":"BPMNDiagram","stencilsuperid":"BPMNDiagram","stencilsuperids":["BPMNDiagram"],"customstencil":false,"executionlistener":"","notes":"","dataproperties":"","owner":"","owner-run":"","assignee":"","assignee-run":"","participantusers":"","participantusers-run":"","participantgroups":"","participantgroups-run":"","modelstatuselements":"","watcherusers":"","watcherusers-run":"","watchergroups":"","watchergroups-run":"","name":"Job_E_Process_Manual_Task_Assignment","id":"job_E_Process_Manual_Task_Assignment","bgcolor":"#ffffff","documentation":"","fontsize":"12","fontweight":"normal","fontstyle":"normal","fontcolor":"#000000","labelexpression":"","name_en_us":"","name_it_it":"","name_es_es":"","name_fr_fr":"","name_de_de":"","name_i18n-key":"","guid":"PROCESS_MODEL-8ec4378e-da2a-403c-a428-008b0feac2c4","author":"","language":"English","namespaces":"","creationdate":"2023-06-23T18:29:30.714Z","modificationdate":"2023-06-23T19:03:26.615Z","processsequence":"","processsequence-run":"","processsequencevariablename":"","processsequencevariablename-run":"","processinstancename":"","processinstancename_en_us":"","processinstancename_en_us-run":"","processinstancename_it_it":"","processinstancename_it_it-run":"","processinstancename_es_es":"","processinstancename_es_es-run":"","processinstancename_fr_fr":"","processinstancename_fr_fr-run":"","processinstancename_de_de":"","processinstancename_de_de-run":"","processinstancename-run":"","processinstancename_i18n-key":"","processinstancebusinessstatus":"","processinstancebusinessstatus-run":"","processinstancebusinesskey":"","processinstancebusinesskey-run":"","isprocessexecutable":true,"securitypolicy":"","allowedhistoricvariables":"","customfolderpath":"","comments-only-on-root":"","documents-only-on-root":"","process_potentialstarteruser":"","process_potentialstarteruser-run":"","process_potentialstartergroup":"flowableUser","process_potentialstartergroup-run":"","do-not-inherit-start-user-as-owner":"","do-not-inherit-start-user-as-assignee":"","process_namespace":"","process_historylevel":"","eventlisteners":"","indexingfiltertype":"allowed","indexingfilters":"","signaldefinitions":"","messagedefinitions":"","iseagerexecutionfetch":false,"initiator":"","version":"","process_author":"","xmlTag":"BPMNDiagram","description":""},"ssextensions":[],"stencilset":{"url":"./app/editor_stencilset","paletteKey":"flowable-process-palette","namespace":"http://b3mn.org/stencilset/bpmn2.0#"}}}