{"id":"PROCESS_MODEL-36bc3fa0-5dc3-4789-a9d9-013f739badbc","name":"JOB_E_Process_ChnageVariable","key":"jOB_E_Process_ChnageVariable","description":"","tenantId":"default","editorJson":{"resourceId":"editor_PROCESS_MODEL-36bc3fa0-5dc3-4789-a9d9-013f739badbc","stencil":{"id":"BPMNDiagram"},"pathProperties":{},"pathMappingProperties":{},"xmlProperties":["processsequence","processsequence-run","processsequencevariablename","processsequencevariablename-run","processinstancename","processinstancename_en_us","processinstancename_en_us-run","processinstancename_it_it","processinstancename_it_it-run","processinstancename_es_es","processinstancename_es_es-run","processinstancename_fr_fr","processinstancename_fr_fr-run","processinstancename_de_de","processinstancename_de_de-run","processinstancename-run","processinstancename_i18n-key","processinstancebusinessstatus","processinstancebusinessstatus-run","processinstancebusinesskey","processinstancebusinesskey-run","process_namespace"],"childShapes":[{"resourceId":"startnoneevent1","stencil":{"id":"StartNoneEvent"},"pathProperties":{},"pathMappingProperties":{},"xmlProperties":["formproperties"],"childShapes":[],"bounds":{"lowerRight":{"x":318,"y":322},"upperLeft":{"x":288,"y":292}},"specialproperties":{"formreference":{"type":"treeview"},"workformreference":{"type":"treeview"}},"outputmappingproperties":{"formproperties":{"type":"formlist","placeholders":[]},"fields":{"type":"complex","placeholders":[]},"executionlistener":{"type":"complex","placeholders":[]},"workforminputmappings":{"type":"complex","placeholders":[]}},"properties":{"stencilid":"StartNoneEvent","stencilsuperid":"StartNoneEvent","stencilsuperids":["StartNoneEvent"],"customstencil":false,"formproperties":"","notes":"","interrupting":true,"bgcolor":"#ffffff","bordercolor":"#000000","executionlistener":"","name":"","name-run":"","id":"startnoneevent1","documentation":"","fontsize":"","fontweight":"","fontstyle":"","fontcolor":"#000000","async":false,"exclusive":true,"asyncleave":false,"trigger":"None","initiator":"initiator","formreference":"","samedeployment":true,"formfieldvalidation":false,"formfieldvalidation-run":"","workformreference":"","workformsamedeployment":true,"workformfieldvalidation":false,"workformfieldvalidation-run":"","workforminputmappingtype":"allowed","workforminputmappings":"","xmlTag":"StartNoneEvent"},"ssextensions":[],"outgoing":[{"resourceId":"sequenceFlow1"}],"dockers":[],"labels":[{"styles":{"fill":"#000000","size":"12","italic":false,"bold":false},"ref":"text_name"}]},{"resourceId":"sequenceFlow1","stencil":{"id":"SequenceFlow"},"pathProperties":{},"pathMappingProperties":{},"xmlProperties":[],"childShapes":[],"bounds":{"lowerRight":{"x":374,"y":307},"upperLeft":{"x":318,"y":307}},"outputmappingproperties":{"fields":{"type":"complex","placeholders":[]},"executionlistener":{"type":"complex","placeholders":[]}},"properties":{"stencilsuperid":"SequenceFlow","stencilsuperids":["SequenceFlow"],"customstencil":false,"bordercolor":"#000000","notes":"","executionlistener":"","name":"","name-run":"","id":"sequenceFlow1","bgcolor":"#ffffff","documentation":"","fontsize":"12","fontweight":"normal","fontstyle":"normal","fontcolor":"#000000","conditionexpression":"","skipexpression":"","showdiamondmarker":false,"defaultflow":false,"xmlTag":"SequenceFlow"},"ssextensions":[],"outgoing":[{"resourceId":"variableActivity1"}],"dockers":[{"x":15,"y":15},{"x":50,"y":40}],"labels":[{"styles":{"fill":"#000000","size":"12","italic":false,"bold":false},"ref":"text_name"}],"target":{"resourceId":"variableActivity1"}},{"resourceId":"endNoneEvent1","stencil":{"id":"EndNoneEvent"},"pathProperties":{},"pathMappingProperties":{},"xmlProperties":[],"childShapes":[],"bounds":{"lowerRight":{"x":3009,"y":321},"upperLeft":{"x":2981,"y":293}},"outputmappingproperties":{"fields":{"type":"complex","placeholders":[]},"executionlistener":{"type":"complex","placeholders":[]}},"properties":{"stencilid":"EndNoneEvent","stencilsuperid":"EndNoneEvent","stencilsuperids":["EndNoneEvent"],"customstencil":false,"bgcolor":"#ffffff","notes":"","bordercolor":"#000000","executionlistener":"","name":"","name-run":"","id":"endNoneEvent1","documentation":"","fontsize":"12","fontweight":"normal","fontstyle":"normal","fontcolor":"#000000","async":false,"exclusive":true,"asyncleave":false,"trigger":"None","terminateall":false,"xmlTag":"EndNoneEvent"},"ssextensions":[],"outgoing":[],"dockers":[],"labels":[{"styles":{"fill":"#000000","size":"12","italic":false,"bold":false},"ref":"text_name"}]},{"resourceId":"scriptTask1","stencil":{"id":"Task"},"pathProperties":{},"pathMappingProperties":{},"xmlProperties":["loopvariableaggregation"],"childShapes":[],"bounds":{"lowerRight":{"x":2777,"y":347},"upperLeft":{"x":2677,"y":267}},"outputmappingproperties":{"loopvariableaggregation":{"type":"formlist","placeholders":[]},"fields":{"type":"complex","placeholders":[]},"executionlistener":{"type":"complex","placeholders":[]},"exceptionmappings":{"type":"complex","placeholders":[]}},"properties":{"stencilid":"ScriptTask","stencilsuperid":"Task","stencilsuperids":["Task"],"customstencil":false,"includeinhistory":false,"notes":"","categories":"","looptype":"None","loopcollection":"","loopelementvariable":"","loopelementindexvariable":"loopCounter","loopcardinality":"","completioncondition":"","nowaitstatesasyncleave":"","loopvariableaggregation":"","tasktype":"Script","bgcolor":"#ffffff","guid":"","skipexpression":"","isforcompensation":false,"bordercolor":"#000000","executionlistener":"","name":"Script task","name-run":"Script task","id":"scriptTask1","documentation":"","fontsize":"12","fontweight":"normal","fontstyle":"normal","fontcolor":"#000000","async":false,"exclusive":true,"asyncleave":false,"scriptformat":"groovy","script":"\nimport org.slf4j.Logger\nimport org.slf4j.LoggerFactory\n\nLogger log = LoggerFactory.getLogger(getClass())\n\nlog.info(\"@@@ START ---------------------------------\")\n\n\nexecution.variableInstances.each { key, value ->\n    println \"key:::::::::$key\"\n}\n\n\nString jea = execution.getVariable(\"jea\")\nString approver = execution.getVariable(\"approver\")\n\nlog.info(\"@@@ jea = $jea\")\nlog.info(\"@@@ approver = $approver\")\n\n\ndef approverValue = execution.getVariable('approver')\ndef jeaValue = null\n\nif (approverValue == 'jea') {\n    def variableNames = execution.getVariableNames()\n\n    for (variableName in variableNames) {\n        if (variableName == 'jea') {\n            jeaValue = execution.getVariable(variableName)\n            break\n        }\n    }\n}\n\nexecution.setVariable(\"approverValue\", jeaValue)\nString finalApprover = execution.getVariable(\"approverValue\")\nlog.info(\"@@@ finalApprover = $finalApprover\")","autostorevariables":false,"resultvariable":"","exceptionmappings":"","xmlTag":"ScriptTask"},"ssextensions":[],"outgoing":[{"resourceId":"sequenceFlow3"}],"dockers":[],"labels":[{"styles":{"fill":"#000000","size":"12","italic":false,"bold":false},"ref":"text_name"}]},{"resourceId":"sequenceFlow3","stencil":{"id":"SequenceFlow"},"pathProperties":{},"pathMappingProperties":{},"xmlProperties":[],"childShapes":[],"bounds":{"lowerRight":{"x":2826,"y":307},"upperLeft":{"x":2777,"y":307}},"outputmappingproperties":{"fields":{"type":"complex","placeholders":[]},"executionlistener":{"type":"complex","placeholders":[]}},"properties":{"stencilsuperid":"SequenceFlow","stencilsuperids":["SequenceFlow"],"customstencil":false,"bordercolor":"#000000","notes":"","executionlistener":"","name":"","name-run":"","id":"sequenceFlow3","bgcolor":"#ffffff","documentation":"","fontsize":"12","fontweight":"normal","fontstyle":"normal","fontcolor":"#000000","conditionexpression":"","skipexpression":"","showdiamondmarker":false,"defaultflow":false,"xmlTag":"SequenceFlow"},"ssextensions":[],"outgoing":[{"resourceId":"scriptTask2"}],"dockers":[{"x":50,"y":40},{"x":50,"y":40}],"labels":[{"styles":{"fill":"#000000","size":"12","italic":false,"bold":false},"ref":"text_name"}],"target":{"resourceId":"scriptTask2"}},{"resourceId":"serviceTask1","stencil":{"id":"Task"},"pathProperties":{},"pathMappingProperties":{},"xmlProperties":["loopvariableaggregation"],"childShapes":[],"bounds":{"lowerRight":{"x":2649,"y":347},"upperLeft":{"x":2549,"y":267}},"outputmappingproperties":{"loopvariableaggregation":{"type":"formlist","placeholders":[]},"fields":{"type":"complex","placeholders":[]},"executionlistener":{"type":"complex","placeholders":[]},"classfields":{"type":"complex","placeholders":[]},"exceptionmappings":{"type":"complex","placeholders":[]}},"properties":{"stencilid":"ServiceTask","stencilsuperid":"Task","stencilsuperids":["Task"],"customstencil":false,"includeinhistory":false,"notes":"","categories":"","looptype":"None","loopcollection":"","loopelementvariable":"","loopelementindexvariable":"loopCounter","loopcardinality":"","completioncondition":"","nowaitstatesasyncleave":"","loopvariableaggregation":"","tasktype":"Service","bgcolor":"#ffffff","guid":"","skipexpression":"","isforcompensation":false,"expression":"${execution.setVariable('approver',  execution.getVariable(\"jea\"))}","delegateexpression":"","resultvariable":"","class":"","executionlistener":"","bordercolor":"#000000","async":false,"exclusive":true,"asyncleave":false,"name":"Service task","name-run":"Service task","id":"serviceTask1","documentation":"","fontsize":"12","fontweight":"normal","fontstyle":"normal","fontcolor":"#000000","classfields":"","servicetasktriggerable":false,"servicetaskstoreresultvariabletransient":"","servicetaskuselocalscopeforresultvariable":false,"exceptionmappings":"","servicetaskfailedjobretrytimecycle":"","xmlTag":"ServiceTask"},"ssextensions":[],"outgoing":[{"resourceId":"sequenceFlow6"}],"dockers":[],"labels":[{"styles":{"fill":"#000000","size":"12","italic":false,"bold":false},"ref":"text_name"}]},{"resourceId":"sequenceFlow6","stencil":{"id":"SequenceFlow"},"pathProperties":{},"pathMappingProperties":{},"xmlProperties":[],"childShapes":[],"bounds":{"lowerRight":{"x":2677,"y":307},"upperLeft":{"x":2650,"y":307}},"outputmappingproperties":{"fields":{"type":"complex","placeholders":[]},"executionlistener":{"type":"complex","placeholders":[]}},"properties":{"stencilsuperid":"SequenceFlow","stencilsuperids":["SequenceFlow"],"customstencil":false,"bordercolor":"#000000","notes":"","executionlistener":"","name":"","name-run":"","id":"sequenceFlow6","bgcolor":"#ffffff","documentation":"","fontsize":"12","fontweight":"normal","fontstyle":"normal","fontcolor":"#000000","conditionexpression":"","skipexpression":"","showdiamondmarker":false,"defaultflow":false,"xmlTag":"SequenceFlow"},"ssextensions":[],"outgoing":[{"resourceId":"scriptTask1"}],"dockers":[{"x":50,"y":40},{"x":50,"y":40}],"labels":[{"styles":{"fill":"#000000","size":"12","italic":false,"bold":false},"ref":"text_name"}],"target":{"resourceId":"scriptTask1"}},{"resourceId":"scriptTask2","stencil":{"id":"Task"},"pathProperties":{},"pathMappingProperties":{},"xmlProperties":["loopvariableaggregation"],"childShapes":[],"bounds":{"lowerRight":{"x":2927,"y":347},"upperLeft":{"x":2827,"y":267}},"outputmappingproperties":{"loopvariableaggregation":{"type":"formlist","placeholders":[]},"fields":{"type":"complex","placeholders":[]},"executionlistener":{"type":"complex","placeholders":[]},"exceptionmappings":{"type":"complex","placeholders":[]}},"properties":{"stencilid":"ScriptTask","stencilsuperid":"Task","stencilsuperids":["Task"],"customstencil":false,"includeinhistory":false,"notes":"","categories":"","looptype":"None","loopcollection":"","loopelementvariable":"","loopelementindexvariable":"loopCounter","loopcardinality":"","completioncondition":"","nowaitstatesasyncleave":"","loopvariableaggregation":"","tasktype":"Script","bgcolor":"#ffffff","guid":"","skipexpression":"","isforcompensation":false,"bordercolor":"#000000","executionlistener":"","name":"Script task","name-run":"Script task","id":"scriptTask2","documentation":"","fontsize":"12","fontweight":"normal","fontstyle":"normal","fontcolor":"#000000","async":false,"exclusive":true,"asyncleave":false,"scriptformat":"groovy","script":"import com.fasterxml.jackson.databind.JsonNode\nimport com.fasterxml.jackson.databind.ObjectMapper\n\nJsonNode user = new ObjectMapper().readTree(\"\"\"\n[\n  {\n     \"pyId\": \"akashb21\",\n    \"firstName\": \"Akash\",\n    \"lastName\": \"Patel\",\n    \"email\": \"akashb21@yorku.ca\",\n    \"affiliation\": \"YUSA1\"\n   \n  }\n]\n\"\"\")\n\nString jea = execution.getVariable(\"jea\")\nString approver = execution.getVariable(\"approver\")\n//(user[0] as Map).put(\"jea\", jea)\n(user[0] as Map).put(\"approver\", approver)\n\nString updatedJson = user.toPrettyString()\nprintln \"Updated JSON object:\\n$updatedJson\"\n\n\nString keyValue = null\n\nuser[0].fields().each { field ->\n    if (field.value.asText() == approver) {\n        keyValue = field.key\n    }\n}\n\nprintln \"Key with value $approver : $keyValue\"\n\n\n","autostorevariables":false,"resultvariable":"","exceptionmappings":"","xmlTag":"ScriptTask"},"ssextensions":[],"outgoing":[{"resourceId":"sequenceFlow7"}],"dockers":[],"labels":[{"styles":{"fill":"#000000","size":"12","italic":false,"bold":false},"ref":"text_name"}]},{"resourceId":"sequenceFlow7","stencil":{"id":"SequenceFlow"},"pathProperties":{},"pathMappingProperties":{},"xmlProperties":[],"childShapes":[],"bounds":{"lowerRight":{"x":2980,"y":307},"upperLeft":{"x":2927,"y":307}},"outputmappingproperties":{"fields":{"type":"complex","placeholders":[]},"executionlistener":{"type":"complex","placeholders":[]}},"properties":{"stencilsuperid":"SequenceFlow","stencilsuperids":["SequenceFlow"],"customstencil":false,"bordercolor":"#000000","notes":"","executionlistener":"","name":"","name-run":"","id":"sequenceFlow7","bgcolor":"#ffffff","documentation":"","fontsize":"12","fontweight":"normal","fontstyle":"normal","fontcolor":"#000000","conditionexpression":"","skipexpression":"","showdiamondmarker":false,"defaultflow":false,"xmlTag":"SequenceFlow"},"ssextensions":[],"outgoing":[{"resourceId":"endNoneEvent1"}],"dockers":[{"x":50,"y":40},{"x":14,"y":14}],"labels":[{"styles":{"fill":"#000000","size":"12","italic":false,"bold":false},"ref":"text_name"}],"target":{"resourceId":"endNoneEvent1"}},{"resourceId":"formTask1","stencil":{"id":"Task"},"pathProperties":{},"pathMappingProperties":{},"xmlProperties":["loopvariableaggregation","exposetoobjectitems","exposeasmessageitems","formproperties"],"childShapes":[],"bounds":{"lowerRight":{"x":2521,"y":347},"upperLeft":{"x":2421,"y":267}},"specialproperties":{"form_entry":{"type":"treeview"},"securitypolicy":{"type":"treeview"}},"outputmappingproperties":{"loopvariableaggregation":{"type":"formlist","placeholders":[]},"fields":{"type":"complex","placeholders":[]},"executionlistener":{"type":"complex","placeholders":[]},"exposetoobjectitems":{"type":"complex","placeholders":[]},"exposeasmessageitems":{"type":"complex","placeholders":[]},"formproperties":{"type":"formlist","placeholders":[]},"genericproperty":{"type":"complex","placeholders":[]},"taskinputmappings":{"type":"complex","placeholders":[]},"tasklistener":{"type":"complex","placeholders":[]}},"properties":{"stencilid":"FormTask","stencilsuperid":"Task","stencilsuperids":["Task"],"customstencil":false,"includeinhistory":false,"notes":"","categories":"","looptype":"None","loopcollection":"","loopelementvariable":"","loopelementindexvariable":"loopCounter","loopcardinality":"","completioncondition":"","nowaitstatesasyncleave":"","loopvariableaggregation":"","isforcompensation":false,"executionlistener":"","exposetoobjectitems":"","async":false,"exclusive":true,"asyncleave":false,"exposeasmessageitems":"","customcaseviewheadersize":"","customcaseviewheadersize-run":"","formproperties":"","bordercolor":"#000000","tasktype":"FormTask","bgcolor":"#ffffff","guid":"","skipexpression":"","owner":"","owner-run":"","assignee":"${approver}","assignee-run":"${approver}","candidateusers":"","candidateusers-run":"","candidategroups":"","candidategroups-run":"","participantusers":"","participantusers-run":"","participantgroups":"","participantgroups-run":"","watcherusers":"","watcherusers-run":"","watchergroups":"","watchergroups-run":"","name":"User task","name-run":"User task","id":"formTask1","documentation":"","fontsize":"12","fontweight":"normal","fontstyle":"normal","fontcolor":"#000000","genericproperty":"","priority":"","duedate":"","categorydefinition":"","candidatestype":"all","name_en_us":"User task","name_en_us-run":"User task","name_it_it":"","name_it_it-run":"","name_es_es":"","name_es_es-run":"","name_fr_fr":"","name_fr_fr-run":"","name_de_de":"","name_de_de-run":"","name_i18n-key":"","form_entry":"","samedeployment":true,"formfieldvalidation":false,"formfieldvalidation-run":"","taskidvariablename":"","securitypolicy":"","exposetocaseview":"","elementlabel":"","elementlabel_en_us":"","elementlabel_it_it":"","elementlabel_es_es":"","elementlabel_fr_fr":"","elementlabel_de_de":"","elementlabel_i18n-key":"","elementicon":"","elementindex":"","activestaterendering":"fullAccess","completedstaterendering":"hidden","taskinputmappingtype":"allowed","taskinputmappings":"","tasklistener":{"totalCount":1,"items":[{"event":"create","class":"","expression":"${execution.setVariable(\"jea\", \"akash\")}","delegateexpression":"","fields":""}]},"customfolderpath":"","xmlTag":"FormTask"},"ssextensions":[],"outgoing":[{"resourceId":"sequenceFlow11"}],"dockers":[],"labels":[{"styles":{"fill":"#000000","size":"12","italic":false,"bold":false},"ref":"text_name"}]},{"resourceId":"endNoneEvent2","stencil":{"id":"EndNoneEvent"},"pathProperties":{},"pathMappingProperties":{},"xmlProperties":[],"childShapes":[],"bounds":{"lowerRight":{"x":883,"y":321},"upperLeft":{"x":855,"y":293}},"outputmappingproperties":{"fields":{"type":"complex","placeholders":[]},"executionlistener":{"type":"complex","placeholders":[]}},"properties":{"stencilid":"EndNoneEvent","stencilsuperid":"EndNoneEvent","stencilsuperids":["EndNoneEvent"],"customstencil":false,"bgcolor":"#ffffff","notes":"","bordercolor":"#000000","executionlistener":"","name":"","name-run":"","id":"endNoneEvent2","documentation":"","fontsize":"12","fontweight":"normal","fontstyle":"normal","fontcolor":"#000000","async":false,"exclusive":true,"asyncleave":false,"trigger":"None","terminateall":false,"xmlTag":"EndNoneEvent"},"ssextensions":[],"outgoing":[],"dockers":[],"labels":[{"styles":{"fill":"#000000","size":"12","italic":false,"bold":false},"ref":"text_name"}]},{"resourceId":"sequenceFlow11","stencil":{"id":"SequenceFlow"},"pathProperties":{},"pathMappingProperties":{},"xmlProperties":[],"childShapes":[],"bounds":{"lowerRight":{"x":2549,"y":307},"upperLeft":{"x":2522,"y":307}},"outputmappingproperties":{"fields":{"type":"complex","placeholders":[]},"executionlistener":{"type":"complex","placeholders":[]}},"properties":{"stencilsuperid":"SequenceFlow","stencilsuperids":["SequenceFlow"],"customstencil":false,"bordercolor":"#000000","notes":"","executionlistener":"","name":"","name-run":"","id":"sequenceFlow11","bgcolor":"#ffffff","documentation":"","fontsize":"12","fontweight":"normal","fontstyle":"normal","fontcolor":"#000000","conditionexpression":"","skipexpression":"","showdiamondmarker":false,"defaultflow":false,"xmlTag":"SequenceFlow"},"ssextensions":[],"outgoing":[{"resourceId":"serviceTask1"}],"dockers":[{"x":50,"y":40},{"x":50,"y":40}],"labels":[{"styles":{"fill":"#000000","size":"12","italic":false,"bold":false},"ref":"text_name"}],"target":{"resourceId":"serviceTask1"}},{"resourceId":"variableActivity1","stencil":{"id":"ServiceTask"},"pathProperties":{},"pathMappingProperties":{},"xmlProperties":["loopvariableaggregation","initvariablemap","overwrite","overwrite-run"],"childShapes":[],"bounds":{"lowerRight":{"x":475,"y":347},"upperLeft":{"x":375,"y":267}},"outputmappingproperties":{"loopvariableaggregation":{"type":"formlist","placeholders":[]},"fields":{"type":"complex","placeholders":[]},"executionlistener":{"type":"complex","placeholders":[]},"classfields":{"type":"complex","placeholders":[]},"exceptionmappings":{"type":"complex","placeholders":[]}},"properties":{"stencilid":"VariableActivity","stencilsuperid":"ServiceTask","stencilsuperids":["ServiceTask"],"customstencil":false,"includeinhistory":false,"notes":"","categories":"","looptype":"None","loopcollection":"","loopelementvariable":"","loopelementindexvariable":"loopCounter","loopcardinality":"","completioncondition":"","nowaitstatesasyncleave":"","loopvariableaggregation":"","tasktype":"Service","bgcolor":"#ffffff","guid":"","skipexpression":"","isforcompensation":false,"expression":"","delegateexpression":"${initVariablesService}","resultvariable":"","class":"","executionlistener":"","bordercolor":"#000000","async":false,"exclusive":true,"asyncleave":false,"name":"Initialize variables","name-run":"Initialize variables","id":"variableActivity1","documentation":"","fontsize":"12","fontweight":"normal","fontstyle":"normal","fontcolor":"#000000","classfields":"","servicetasktriggerable":false,"servicetaskstoreresultvariabletransient":"","servicetaskuselocalscopeforresultvariable":false,"exceptionmappings":"","servicetaskfailedjobretrytimecycle":"","initvariablemap":{"totalCount":4,"items":[{"target":"","name":"extensionApprover","valueType":"jsonArray","value":0},{"target":"","name":"assignment","valueType":"jsonObject","value":""},{"target":"","name":"pyIds","valueType":"jsonArray","value":0},{"target":"","name":"task2candidate","valueType":"string","value":"akashb21"}]},"overwrite":true,"overwrite-run":"","genericproperty":"","xmlTag":"ServiceTask"},"ssextensions":[],"outgoing":[{"resourceId":"sequenceFlow13"}],"dockers":[],"labels":[{"styles":{"fill":"#000000","size":"12","italic":false,"bold":false},"ref":"text_name"}]},{"resourceId":"sequenceFlow13","stencil":{"id":"SequenceFlow"},"pathProperties":{},"pathMappingProperties":{},"xmlProperties":[],"childShapes":[],"bounds":{"lowerRight":{"x":525,"y":307},"upperLeft":{"x":475,"y":307}},"outputmappingproperties":{"fields":{"type":"complex","placeholders":[]},"executionlistener":{"type":"complex","placeholders":[]}},"properties":{"stencilsuperid":"SequenceFlow","stencilsuperids":["SequenceFlow"],"customstencil":false,"bordercolor":"#000000","notes":"","executionlistener":"","name":"","name-run":"","id":"sequenceFlow13","bgcolor":"#ffffff","documentation":"","fontsize":"12","fontweight":"normal","fontstyle":"normal","fontcolor":"#000000","conditionexpression":"","skipexpression":"","showdiamondmarker":false,"defaultflow":false,"xmlTag":"SequenceFlow"},"ssextensions":[],"outgoing":[{"resourceId":"formTask2"}],"dockers":[{"x":50,"y":40},{"x":1,"y":40}],"labels":[{"styles":{"fill":"#000000","size":"12","italic":false,"bold":false},"ref":"text_name"}],"target":{"resourceId":"formTask2"}},{"resourceId":"sequenceFlow10","stencil":{"id":"SequenceFlow"},"pathProperties":{},"pathMappingProperties":{},"xmlProperties":[],"childShapes":[],"bounds":{"lowerRight":{"x":689,"y":307},"upperLeft":{"x":625,"y":307}},"outputmappingproperties":{"fields":{"type":"complex","placeholders":[]},"executionlistener":{"type":"complex","placeholders":[]}},"properties":{"stencilsuperid":"SequenceFlow","stencilsuperids":["SequenceFlow"],"customstencil":false,"bordercolor":"#000000","notes":"","executionlistener":"","name":"","name-run":"","id":"sequenceFlow10","bgcolor":"#ffffff","documentation":"","fontsize":"12","fontweight":"normal","fontstyle":"normal","fontcolor":"#000000","conditionexpression":"","skipexpression":"","showdiamondmarker":false,"defaultflow":false,"xmlTag":"SequenceFlow"},"ssextensions":[],"outgoing":[{"resourceId":"formTask3"}],"dockers":[{"x":50,"y":40},{"x":50,"y":40}],"labels":[{"styles":{"fill":"#000000","size":"12","italic":false,"bold":false},"ref":"text_name"}],"target":{"resourceId":"formTask3"}},{"resourceId":"formTask2","stencil":{"id":"Task"},"pathProperties":{},"pathMappingProperties":{},"xmlProperties":["loopvariableaggregation","exposetoobjectitems","exposeasmessageitems","formproperties"],"childShapes":[],"bounds":{"lowerRight":{"x":625,"y":347},"upperLeft":{"x":525,"y":267}},"specialproperties":{"form_entry":{"type":"treeview"},"securitypolicy":{"type":"treeview"}},"outputmappingproperties":{"loopvariableaggregation":{"type":"formlist","placeholders":[]},"fields":{"type":"complex","placeholders":[]},"executionlistener":{"type":"complex","placeholders":[]},"exposetoobjectitems":{"type":"complex","placeholders":[]},"exposeasmessageitems":{"type":"complex","placeholders":[]},"formproperties":{"type":"formlist","placeholders":[]},"genericproperty":{"type":"complex","placeholders":[]},"taskinputmappings":{"type":"complex","placeholders":[]},"tasklistener":{"type":"complex","placeholders":[]}},"properties":{"stencilid":"FormTask","stencilsuperid":"Task","stencilsuperids":["Task"],"customstencil":false,"includeinhistory":false,"notes":"","categories":"","looptype":"None","loopcollection":"","loopelementvariable":"","loopelementindexvariable":"loopCounter","loopcardinality":"","completioncondition":"","nowaitstatesasyncleave":"","loopvariableaggregation":"","isforcompensation":false,"executionlistener":"","exposetoobjectitems":"","async":false,"exclusive":true,"asyncleave":false,"exposeasmessageitems":"","customcaseviewheadersize":"","customcaseviewheadersize-run":"","formproperties":"","bordercolor":"#000000","tasktype":"FormTask","bgcolor":"#ffffff","guid":"","skipexpression":"","owner":"","owner-run":"","assignee":"","assignee-run":"","candidateusers":"","candidateusers-run":"","candidategroups":"","candidategroups-run":"","participantusers":"","participantusers-run":"","participantgroups":"","participantgroups-run":"","watcherusers":"","watcherusers-run":"","watchergroups":"","watchergroups-run":"","name":"submitApplication","name-run":"submitApplication","id":"formTask2","documentation":"","fontsize":"12","fontweight":"normal","fontstyle":"normal","fontcolor":"#000000","genericproperty":"","priority":"","duedate":"","categorydefinition":"","candidatestype":"all","name_en_us":"submitApplication","name_en_us-run":"submitApplication","name_it_it":"","name_it_it-run":"","name_es_es":"","name_es_es-run":"","name_fr_fr":"","name_fr_fr-run":"","name_de_de":"","name_de_de-run":"","name_i18n-key":"","form_entry":{"id":"FORM_MODEL-ae0aebfd-a8d1-49a5-84b4-212d00826061","key":"jOB_E_Form_Approver_ChnageVariable"},"samedeployment":true,"formfieldvalidation":false,"formfieldvalidation-run":"","taskidvariablename":"","securitypolicy":"","exposetocaseview":"","elementlabel":"","elementlabel_en_us":"","elementlabel_it_it":"","elementlabel_es_es":"","elementlabel_fr_fr":"","elementlabel_de_de":"","elementlabel_i18n-key":"","elementicon":"","elementindex":"","activestaterendering":"fullAccess","completedstaterendering":"hidden","taskinputmappingtype":"allowed","taskinputmappings":"","tasklistener":{"totalCount":1,"items":[{"event":"create","class":"","expression":"${runtimeService.createProcessInstanceBuilder().processDefinitionKey(\"jOB_E_Process_StartingProcessUsingTaskListeners\").variable(\"taskId\", task.getId()).variable(\"taskIdentifier\", task.name).variable(\"caseId\", \"case123\").start()}","delegateexpression":"","fields":[{"name":"pyIds","stringvalue":"","expression":"{{ids}}","string":""}]}]},"customfolderpath":"","xmlTag":"FormTask"},"ssextensions":[],"outgoing":[{"resourceId":"sequenceFlow10"}],"dockers":[],"labels":[{"styles":{"fill":"#000000","size":"12","italic":false,"bold":false},"ref":"text_name"}]},{"resourceId":"scriptTask4","stencil":{"id":"Task"},"pathProperties":{},"pathMappingProperties":{},"xmlProperties":["loopvariableaggregation"],"childShapes":[],"bounds":{"lowerRight":{"x":565,"y":1328},"upperLeft":{"x":465,"y":1248}},"outputmappingproperties":{"loopvariableaggregation":{"type":"formlist","placeholders":[]},"fields":{"type":"complex","placeholders":[]},"executionlistener":{"type":"complex","placeholders":[]},"exceptionmappings":{"type":"complex","placeholders":[]}},"properties":{"stencilid":"ScriptTask","stencilsuperid":"Task","stencilsuperids":["Task"],"customstencil":false,"includeinhistory":false,"notes":"","categories":"","looptype":"None","loopcollection":"","loopelementvariable":"","loopelementindexvariable":"loopCounter","loopcardinality":"","completioncondition":"","nowaitstatesasyncleave":"","loopvariableaggregation":"","tasktype":"Script","bgcolor":"#ffffff","guid":"","skipexpression":"","isforcompensation":false,"bordercolor":"#000000","executionlistener":"","name":"Script task1","name-run":"Script task1","id":"scriptTask4","documentation":"","fontsize":"12","fontweight":"normal","fontstyle":"normal","fontcolor":"#000000","async":false,"exclusive":true,"asyncleave":false,"scriptformat":"groovy","script":"import com.fasterxml.jackson.databind.JsonNode\n\n// Retrieve the extensionApprover value from the execution variable\nJsonNode extensionApprover = execution.getVariable(\"extensionApprover\")\n\n// Retrieve the assignment value from the execution variable\nJsonNode assignment = execution.getVariable(\"assignment\")\n\n// Extract the extensionApprover value\nString approver = extensionApprover.get(0).get(\"extensionApprover\").asText()\n\n// Find the matching role in the assignment and retrieve the pyIds\n// Find the matching role in the assignment and retrieve the pyIds\nList<String> pyIds = []\nassignment.each { node ->\n    String role = node.get(\"role\").asText()\n    println \"Checking role: $role\"\n    if (role == approver) {\n        JsonNode pyIdsNode = node.get(\"pyIds\")\n        if (pyIdsNode.isArray()) {\n            pyIdsNode.elements().forEachRemaining { element ->\n                pyIds.add(element.asText())\n            }\n        }\n        println \"Matching pyIds: $pyIds\"\n        return // exit the loop\n    }\n}\n//def myList = Arrays.asList(pyIds)\n\n\n//String commaSeparatedList = pyIds.join(\", \")\n//println \"()()()()()(): $commaSeparatedList\"\n\n// Set the pyIds value as a new variable in the execution\nexecution.setVariable(\"pyIds\", pyIds)\nexecution.setVariable(\"name\", \"eaas0001\")","autostorevariables":false,"resultvariable":"","exceptionmappings":"","xmlTag":"ScriptTask"},"ssextensions":[],"outgoing":[],"dockers":[],"labels":[{"styles":{"fill":"#000000","size":"12","italic":false,"bold":false},"ref":"text_name"}]},{"resourceId":"formTask3","stencil":{"id":"Task"},"pathProperties":{},"pathMappingProperties":{},"xmlProperties":["loopvariableaggregation","exposetoobjectitems","exposeasmessageitems","formproperties"],"childShapes":[],"bounds":{"lowerRight":{"x":790,"y":347},"upperLeft":{"x":690,"y":267}},"specialproperties":{"form_entry":{"type":"treeview"},"securitypolicy":{"type":"treeview"}},"outputmappingproperties":{"loopvariableaggregation":{"type":"formlist","placeholders":[]},"fields":{"type":"complex","placeholders":[]},"executionlistener":{"type":"complex","placeholders":[]},"exposetoobjectitems":{"type":"complex","placeholders":[]},"exposeasmessageitems":{"type":"complex","placeholders":[]},"formproperties":{"type":"formlist","placeholders":[]},"genericproperty":{"type":"complex","placeholders":[]},"taskinputmappings":{"type":"complex","placeholders":[]},"tasklistener":{"type":"complex","placeholders":[]}},"properties":{"stencilid":"FormTask","stencilsuperid":"Task","stencilsuperids":["Task"],"customstencil":false,"includeinhistory":false,"notes":"","categories":"","looptype":"None","loopcollection":"","loopelementvariable":"","loopelementindexvariable":"loopCounter","loopcardinality":"","completioncondition":"","nowaitstatesasyncleave":"","loopvariableaggregation":"","isforcompensation":false,"executionlistener":"","exposetoobjectitems":"","async":false,"exclusive":true,"asyncleave":false,"exposeasmessageitems":"","customcaseviewheadersize":"","customcaseviewheadersize-run":"","formproperties":"","bordercolor":"#000000","tasktype":"FormTask","bgcolor":"#ffffff","guid":"","skipexpression":"","owner":"","owner-run":"","assignee":"","assignee-run":"","candidateusers":"","candidateusers-run":"","candidategroups":"","candidategroups-run":"","participantusers":"","participantusers-run":"","participantgroups":"","participantgroups-run":"","watcherusers":"","watcherusers-run":"","watchergroups":"","watchergroups-run":"","name":"reviewSubmission","name-run":"reviewSubmission","id":"formTask3","documentation":"","fontsize":"12","fontweight":"normal","fontstyle":"normal","fontcolor":"#000000","genericproperty":"","priority":"","duedate":"","categorydefinition":"","candidatestype":"all","name_en_us":"reviewSubmission","name_en_us-run":"reviewSubmission","name_it_it":"","name_it_it-run":"","name_es_es":"","name_es_es-run":"","name_fr_fr":"","name_fr_fr-run":"","name_de_de":"","name_de_de-run":"","name_i18n-key":"","form_entry":{"id":"FORM_MODEL-ae0aebfd-a8d1-49a5-84b4-212d00826061","key":"jOB_E_Form_Approver_ChnageVariable"},"samedeployment":true,"formfieldvalidation":false,"formfieldvalidation-run":"","taskidvariablename":"","securitypolicy":"","exposetocaseview":"","elementlabel":"","elementlabel_en_us":"","elementlabel_it_it":"","elementlabel_es_es":"","elementlabel_fr_fr":"","elementlabel_de_de":"","elementlabel_i18n-key":"","elementicon":"","elementindex":"","activestaterendering":"fullAccess","completedstaterendering":"hidden","taskinputmappingtype":"allowed","taskinputmappings":"","tasklistener":{"totalCount":1,"items":[{"event":"create","class":"","expression":"${runtimeService.createProcessInstanceBuilder().processDefinitionKey(\"jOB_E_Process_StartingProcessUsingTaskListeners\").variable(\"taskId\", task.getId()).variable(\"taskIdentifier\", task.name).variable(\"caseId\", \"case123\").start()}","delegateexpression":"","fields":""}]},"customfolderpath":"","xmlTag":"FormTask"},"ssextensions":[],"outgoing":[{"resourceId":"sequenceFlow8"}],"dockers":[],"labels":[{"styles":{"fill":"#000000","size":"12","italic":false,"bold":false},"ref":"text_name"}]},{"resourceId":"sequenceFlow8","stencil":{"id":"SequenceFlow"},"pathProperties":{},"pathMappingProperties":{},"xmlProperties":[],"childShapes":[],"bounds":{"lowerRight":{"x":854,"y":307},"upperLeft":{"x":790,"y":307}},"outputmappingproperties":{"fields":{"type":"complex","placeholders":[]},"executionlistener":{"type":"complex","placeholders":[]}},"properties":{"stencilsuperid":"SequenceFlow","stencilsuperids":["SequenceFlow"],"customstencil":false,"bordercolor":"#000000","notes":"","executionlistener":"","name":"","name-run":"","id":"sequenceFlow8","bgcolor":"#ffffff","documentation":"","fontsize":"12","fontweight":"normal","fontstyle":"normal","fontcolor":"#000000","conditionexpression":"","skipexpression":"","showdiamondmarker":false,"defaultflow":false,"xmlTag":"SequenceFlow"},"ssextensions":[],"outgoing":[{"resourceId":"endNoneEvent2"}],"dockers":[{"x":50,"y":40},{"x":14,"y":14}],"labels":[{"styles":{"fill":"#000000","size":"12","italic":false,"bold":false},"ref":"text_name"}],"target":{"resourceId":"endNoneEvent2"}}],"bounds":{"lowerRight":{"x":3109,"y":1428},"upperLeft":{"x":0,"y":0}},"specialproperties":{"processsequence":{"type":"treeview"},"securitypolicy":{"type":"treeview"}},"outputmappingproperties":{"fields":{"type":"complex","placeholders":[]},"executionlistener":{"type":"complex","placeholders":[]},"dataproperties":{"type":"complex","placeholders":[]},"modelstatuselements":{"type":"formlist","placeholders":[]},"namespaces":{"type":"complex","placeholders":[]},"allowedhistoricvariables":{"type":"complex","placeholders":[]},"eventlisteners":{"type":"complex","placeholders":[]},"indexingfilters":{"type":"complex","placeholders":[]},"signaldefinitions":{"type":"complex","placeholders":[]},"messagedefinitions":{"type":"complex","placeholders":[]}},"properties":{"stencilid":"BPMNDiagram","stencilsuperid":"BPMNDiagram","stencilsuperids":["BPMNDiagram"],"customstencil":false,"executionlistener":"","notes":"","dataproperties":"","owner":"","owner-run":"","assignee":"","assignee-run":"","participantusers":"","participantusers-run":"","participantgroups":"","participantgroups-run":"","modelstatuselements":"","watcherusers":"","watcherusers-run":"","watchergroups":"","watchergroups-run":"","name":"JOB_E_Process_ChnageVariable","id":"jOB_E_Process_ChnageVariable","bgcolor":"#ffffff","documentation":"","fontsize":"12","fontweight":"normal","fontstyle":"normal","fontcolor":"#000000","labelexpression":"","name_en_us":"","name_it_it":"","name_es_es":"","name_fr_fr":"","name_de_de":"","name_i18n-key":"","guid":"PROCESS_MODEL-36bc3fa0-5dc3-4789-a9d9-013f739badbc","author":"","language":"English","namespaces":"","creationdate":"2023-06-09T15:03:40.024Z","modificationdate":"2023-06-22T20:53:17.671Z","processsequence":"","processsequence-run":"","processsequencevariablename":"","processsequencevariablename-run":"","processinstancename":"","processinstancename_en_us":"","processinstancename_en_us-run":"","processinstancename_it_it":"","processinstancename_it_it-run":"","processinstancename_es_es":"","processinstancename_es_es-run":"","processinstancename_fr_fr":"","processinstancename_fr_fr-run":"","processinstancename_de_de":"","processinstancename_de_de-run":"","processinstancename-run":"","processinstancename_i18n-key":"","processinstancebusinessstatus":"","processinstancebusinessstatus-run":"","processinstancebusinesskey":"","processinstancebusinesskey-run":"","isprocessexecutable":true,"securitypolicy":"","allowedhistoricvariables":"","customfolderpath":"","comments-only-on-root":"","documents-only-on-root":"","process_potentialstarteruser":"","process_potentialstarteruser-run":"","process_potentialstartergroup":"flowableUser","process_potentialstartergroup-run":"","do-not-inherit-start-user-as-owner":"","do-not-inherit-start-user-as-assignee":"","process_namespace":"","process_historylevel":"","eventlisteners":"","indexingfiltertype":"allowed","indexingfilters":"","signaldefinitions":"","messagedefinitions":"","iseagerexecutionfetch":false,"initiator":"","version":"","process_author":"","xmlTag":"BPMNDiagram","description":""},"ssextensions":[],"stencilset":{"url":"./app/editor_stencilset","paletteKey":"flowable-process-palette","namespace":"http://b3mn.org/stencilset/bpmn2.0#"}}}