{"id":"PROCESS_MODEL-aea42b94-710e-45ab-b11b-953c0322964f","name":"jOB_E_Process_StartingProcessUsingTaskListeners","key":"jOB_E_Process_StartingProcessUsingTaskListeners","description":"","tenantId":"default","editorJson":{"resourceId":"editor_PROCESS_MODEL-aea42b94-710e-45ab-b11b-953c0322964f","stencil":{"id":"BPMNDiagram"},"pathProperties":{},"pathMappingProperties":{},"xmlProperties":["processsequence","processsequence-run","processsequencevariablename","processsequencevariablename-run","processinstancename","processinstancename_en_us","processinstancename_en_us-run","processinstancename_it_it","processinstancename_it_it-run","processinstancename_es_es","processinstancename_es_es-run","processinstancename_fr_fr","processinstancename_fr_fr-run","processinstancename_de_de","processinstancename_de_de-run","processinstancename-run","processinstancename_i18n-key","processinstancebusinessstatus","processinstancebusinessstatus-run","processinstancebusinesskey","processinstancebusinesskey-run","process_namespace"],"childShapes":[{"resourceId":"sequenceFlow8","stencil":{"id":"SequenceFlow"},"pathProperties":{},"pathMappingProperties":{},"xmlProperties":[],"childShapes":[],"bounds":{"lowerRight":{"x":943,"y":354},"upperLeft":{"x":879,"y":354}},"outputmappingproperties":{"fields":{"type":"complex","placeholders":[]},"executionlistener":{"type":"complex","placeholders":[]}},"properties":{"stencilid":"SequenceFlow","stencilsuperid":"SequenceFlow","stencilsuperids":["SequenceFlow"],"customstencil":false,"bordercolor":"#000000","notes":"","executionlistener":"","name":"","name-run":"","id":"sequenceFlow8","bgcolor":"#ffffff","documentation":"","fontsize":"12","fontweight":"normal","fontstyle":"normal","fontcolor":"#000000","conditionexpression":"","skipexpression":"","showdiamondmarker":false,"defaultflow":false,"xmlTag":"SequenceFlow"},"ssextensions":[],"outgoing":[{"resourceId":"endNoneEvent3"}],"dockers":[{"x":50,"y":40},{"x":14,"y":14}],"labels":[{"styles":{"fill":"#000000","size":"12","italic":false,"bold":false},"ref":"text_name"}],"target":{"resourceId":"endNoneEvent3"}},{"resourceId":"sequenceFlow14","stencil":{"id":"SequenceFlow"},"pathProperties":{},"pathMappingProperties":{},"xmlProperties":[],"childShapes":[],"bounds":{"lowerRight":{"x":598,"y":354},"upperLeft":{"x":524,"y":354}},"outputmappingproperties":{"fields":{"type":"complex","placeholders":[]},"executionlistener":{"type":"complex","placeholders":[]}},"properties":{"stencilid":"SequenceFlow","stencilsuperid":"SequenceFlow","stencilsuperids":["SequenceFlow"],"customstencil":false,"bordercolor":"#000000","notes":"","executionlistener":"","name":"","name-run":"","id":"sequenceFlow14","bgcolor":"#ffffff","documentation":"","fontsize":"12","fontweight":"normal","fontstyle":"normal","fontcolor":"#000000","conditionexpression":"","skipexpression":"","showdiamondmarker":false,"defaultflow":false,"xmlTag":"SequenceFlow"},"ssextensions":[],"outgoing":[{"resourceId":"dataObjectSearchTask1"}],"dockers":[{"x":15,"y":15},{"x":50,"y":40}],"labels":[{"styles":{"fill":"#000000","size":"12","italic":false,"bold":false},"ref":"text_name"}],"target":{"resourceId":"dataObjectSearchTask1"}},{"resourceId":"sequenceFlow12","stencil":{"id":"SequenceFlow"},"pathProperties":{},"pathMappingProperties":{},"xmlProperties":[],"childShapes":[],"bounds":{"lowerRight":{"x":778,"y":354},"upperLeft":{"x":699,"y":354}},"outputmappingproperties":{"fields":{"type":"complex","placeholders":[]},"executionlistener":{"type":"complex","placeholders":[]}},"properties":{"stencilid":"SequenceFlow","stencilsuperid":"SequenceFlow","stencilsuperids":["SequenceFlow"],"customstencil":false,"bordercolor":"#000000","notes":"","executionlistener":"","name":"","name-run":"","id":"sequenceFlow12","bgcolor":"#ffffff","documentation":"","fontsize":"12","fontweight":"normal","fontstyle":"normal","fontcolor":"#000000","conditionexpression":"","skipexpression":"","showdiamondmarker":false,"defaultflow":false,"xmlTag":"SequenceFlow"},"ssextensions":[],"outgoing":[{"resourceId":"scriptTask2"}],"dockers":[{"x":50,"y":40},{"x":50,"y":40}],"labels":[{"styles":{"fill":"#000000","size":"12","italic":false,"bold":false},"ref":"text_name"}],"target":{"resourceId":"scriptTask2"}},{"resourceId":"expandedSubProcess1","stencil":{"id":"ExpandedSubProcess"},"pathProperties":{},"pathMappingProperties":{},"xmlProperties":["loopvariableaggregation"],"childShapes":[{"resourceId":"dataObjectSearchTask1","stencil":{"id":"ServiceTask"},"pathProperties":{},"pathMappingProperties":{},"xmlProperties":["loopvariableaggregation","outputvariablename","storedetached","storeoutputvariableastransient"],"childShapes":[],"bounds":{"lowerRight":{"x":264.03105590062114,"y":154.0000457763672},"upperLeft":{"x":164.03105590062114,"y":74.00004577636719}},"outputmappingproperties":{"loopvariableaggregation":{"type":"formlist","placeholders":[]},"fields":{"type":"complex","placeholders":[]},"executionlistener":{"type":"complex","placeholders":[]},"classfields":{"type":"complex","placeholders":[]},"exceptionmappings":{"type":"complex","placeholders":[]}},"properties":{"stencilid":"DataObjectSearchTask","stencilsuperid":"ServiceTask","stencilsuperids":["ServiceTask"],"customstencil":false,"includeinhistory":false,"notes":"","categories":"","looptype":"None","loopcollection":"","loopelementvariable":"","loopelementindexvariable":"loopCounter","loopcardinality":"","completioncondition":"","nowaitstatesasyncleave":"","loopvariableaggregation":"","tasktype":"Service","bgcolor":"#ffffff","guid":"","skipexpression":"","isforcompensation":false,"expression":"","delegateexpression":"${dataObjectServiceTask}","resultvariable":"","class":"","executionlistener":"","bordercolor":"#000000","async":false,"exclusive":true,"asyncleave":false,"name":"Data object search","name-run":"Data object search","id":"dataObjectSearchTask1","documentation":"","fontsize":"12","fontweight":"normal","fontstyle":"normal","fontcolor":"#000000","classfields":"","servicetasktriggerable":false,"servicetaskstoreresultvariabletransient":"","servicetaskuselocalscopeforresultvariable":false,"exceptionmappings":"","servicetaskfailedjobretrytimecycle":"","overwrite":"","searchdataobjectconfiguration":{"dataObjectreference":"DATA_OBJECT_MODEL-9883231d-ef28-48c0-b9e6-e963889c09ea","key":"jOB_E_DataObj_GetTheUserDetails","operationType":"task-search","operationKey":"findByVariables","inputParameters":[{"name":"taskIdentifier","value":"${taskIdentifier}"},{"name":"caseId","value":"${caseId}"}],"lookupIdName":"taskIdentifier"},"outputvariablename":"output","storedetached":false,"storeoutputvariableastransient":"","xmlTag":"ServiceTask"},"ssextensions":[],"outgoing":[{"resourceId":"sequenceFlow12"}],"dockers":[],"labels":[{"styles":{"fill":"#000000","size":"12","italic":false,"bold":false},"ref":"text_name"}]},{"resourceId":"scriptTask2","stencil":{"id":"Task"},"pathProperties":{},"pathMappingProperties":{},"xmlProperties":["loopvariableaggregation"],"childShapes":[],"bounds":{"lowerRight":{"x":444.03105590062114,"y":154.0000457763672},"upperLeft":{"x":344.03105590062114,"y":74.00004577636719}},"outputmappingproperties":{"loopvariableaggregation":{"type":"formlist","placeholders":[]},"fields":{"type":"complex","placeholders":[]},"executionlistener":{"type":"complex","placeholders":[]},"exceptionmappings":{"type":"complex","placeholders":[]}},"properties":{"stencilid":"ScriptTask","stencilsuperid":"Task","stencilsuperids":["Task"],"customstencil":false,"includeinhistory":false,"notes":"","categories":"","looptype":"None","loopcollection":"","loopelementvariable":"","loopelementindexvariable":"loopCounter","loopcardinality":"","completioncondition":"","nowaitstatesasyncleave":"","loopvariableaggregation":"","tasktype":"Script","bgcolor":"#ffffff","guid":"","skipexpression":"","isforcompensation":false,"bordercolor":"#000000","executionlistener":"","name":"Script task","name-run":"Script task","id":"scriptTask2","documentation":"","fontsize":"12","fontweight":"normal","fontstyle":"normal","fontcolor":"#000000","async":false,"exclusive":true,"asyncleave":false,"scriptformat":"groovy","script":"import org.flowable.task.api.Task;\nimport org.flowable.engine.TaskService;\nimport org.flowable.engine.RuntimeService;\nimport com.fasterxml.jackson.databind.ObjectMapper;\n\n// Retrieve the \"output\" variable from execution\ndef output = execution.getVariable(\"output\");\nString taskId = execution.getVariable(\"taskId\") as String\nprintln\"output^^^^^^^^^^^^^^^in main^^^^^^^^^^^^^^^^^^^^$output\"\n// Create an instance of ObjectMapper\nObjectMapper mapper = new ObjectMapper();\n\nif (output != null && output.data != null) {\n    // Convert \"output.data\" to a tree-like structure\n    def entities = mapper.valueToTree(output.data);\n\n    if (entities != null && entities.isArray() && entities.size() > 0) {\n        // Retrieve the value of \"PY_Ids\" from the first element of \"entities\"\n        def pyIdsNode = entities[0].get(\"PY_Ids\");\n\n        if (pyIdsNode != null) {\n            // Convert \"pyIdsNode\" to a List of participantUserIds\n            def participantUserIds = mapper.convertValue(pyIdsNode, List);\n\n            // Get the TaskService instance\n            TaskService taskService = processEngine.getTaskService();\n\n            // Get the task using the task ID\n            Task task = taskService.createTaskQuery().taskId(taskId).singleResult();\n\n            if (task != null) {\n                // Add participants to the task\n                for (String participantUserId : participantUserIds) {\n                    taskService.addUserIdentityLink(task.getId(), participantUserId, \"candidate\");\n                }\n            } else {\n                throw new RuntimeException(\"Task not found with ID: \" + taskId);\n            }\n        } else {\n            throw new RuntimeException(\"PY_Ids not found in entities\");\n        }\n    } else {\n        throw new RuntimeException(\"Invalid entities structure\");\n    }\n} else {\n    throw new RuntimeException(\"Output or output.data is null\");\n}\n","autostorevariables":false,"resultvariable":"","exceptionmappings":"","xmlTag":"ScriptTask"},"ssextensions":[],"outgoing":[{"resourceId":"sequenceFlow8"}],"dockers":[],"labels":[{"styles":{"fill":"#000000","size":"12","italic":false,"bold":false},"ref":"text_name"}]},{"resourceId":"endNoneEvent3","stencil":{"id":"EndNoneEvent"},"pathProperties":{},"pathMappingProperties":{},"xmlProperties":[],"childShapes":[],"bounds":{"lowerRight":{"x":537.0310559006211,"y":128.0000457763672},"upperLeft":{"x":509.03105590062114,"y":100.00004577636719}},"outputmappingproperties":{"fields":{"type":"complex","placeholders":[]},"executionlistener":{"type":"complex","placeholders":[]}},"properties":{"stencilid":"EndNoneEvent","stencilsuperid":"EndNoneEvent","stencilsuperids":["EndNoneEvent"],"customstencil":false,"bgcolor":"#ffffff","notes":"","bordercolor":"#000000","executionlistener":"","name":"","name-run":"","id":"endNoneEvent3","documentation":"","fontsize":"12","fontweight":"normal","fontstyle":"normal","fontcolor":"#000000","async":false,"exclusive":true,"asyncleave":false,"trigger":"None","terminateall":false,"xmlTag":"EndNoneEvent"},"ssextensions":[],"outgoing":[],"dockers":[],"labels":[{"styles":{"fill":"#000000","size":"12","italic":false,"bold":false},"ref":"text_name"}]},{"resourceId":"startNoneEvent2","stencil":{"id":"StartNoneEvent"},"pathProperties":{},"pathMappingProperties":{},"xmlProperties":["formproperties"],"childShapes":[],"bounds":{"lowerRight":{"x":89.03105590062114,"y":129.0000457763672},"upperLeft":{"x":59.03105590062114,"y":99.00004577636719}},"specialproperties":{"formreference":{"type":"treeview"},"workformreference":{"type":"treeview"}},"outputmappingproperties":{"formproperties":{"type":"formlist","placeholders":[]},"fields":{"type":"complex","placeholders":[]},"executionlistener":{"type":"complex","placeholders":[]},"workforminputmappings":{"type":"complex","placeholders":[]}},"properties":{"stencilid":"StartNoneEvent","stencilsuperid":"StartNoneEvent","stencilsuperids":["StartNoneEvent"],"customstencil":false,"formproperties":"","notes":"","interrupting":true,"bgcolor":"#ffffff","bordercolor":"#000000","executionlistener":"","name":"","name-run":"","id":"startNoneEvent2","documentation":"","fontsize":"12","fontweight":"normal","fontstyle":"normal","fontcolor":"#000000","async":false,"exclusive":true,"asyncleave":false,"trigger":"None","initiator":"initiator","formreference":"","samedeployment":true,"formfieldvalidation":false,"formfieldvalidation-run":"","workformreference":"","workformsamedeployment":true,"workformfieldvalidation":false,"workformfieldvalidation-run":"","workforminputmappingtype":"allowed","workforminputmappings":"","xmlTag":"StartNoneEvent"},"ssextensions":[],"outgoing":[{"resourceId":"sequenceFlow14"}],"dockers":[],"labels":[{"styles":{"fill":"#000000","size":"12","italic":false,"bold":false},"ref":"text_name"}]}],"bounds":{"lowerRight":{"x":1109.0310559006211,"y":449.0000457763672},"upperLeft":{"x":435,"y":240}},"outputmappingproperties":{"dataproperties":{"type":"complex","placeholders":[]},"loopvariableaggregation":{"type":"formlist","placeholders":[]},"fields":{"type":"complex","placeholders":[]},"executionlistener":{"type":"complex","placeholders":[]}},"properties":{"stencilid":"ExpandedSubProcess","stencilsuperid":"ExpandedSubProcess","stencilsuperids":["ExpandedSubProcess"],"customstencil":false,"dataproperties":"","notes":"","includeinhistory":false,"categories":"","looptype":"None","loopcollection":"","loopelementvariable":"","loopelementindexvariable":"loopCounter","loopcardinality":"","completioncondition":"","nowaitstatesasyncleave":"","loopvariableaggregation":"","isforcompensation":false,"executionlistener":"","async":false,"exclusive":true,"asyncleave":false,"name":"Subprocess","name-run":"Subprocess","id":"expandedSubProcess1","bgcolor":"#ffffff","documentation":"","fontsize":"12","fontweight":"normal","fontstyle":"normal","fontcolor":"#000000","subprocesstype":"Embedded","istransaction":false,"transactionmethod":"compensate","activitytype":"Sub-Process","xmlTag":"ExpandedSubProcess"},"ssextensions":[],"outgoing":[{"resourceId":"sequenceFlow27"},{"resourceId":"intermediateErrorEventBoundary3"}],"dockers":[],"labels":[{"styles":{"fill":"#000000","size":"12","italic":false,"bold":false},"ref":"text_name"},{"styles":{"fill":"#000000","size":"12","italic":false,"bold":false},"ref":"_oryx_75710213-B6A5-46F1-8CEE-3DFB5630D6D0_21"}]},{"resourceId":"sequenceFlow24","stencil":{"id":"SequenceFlow"},"pathProperties":{},"pathMappingProperties":{},"xmlProperties":[],"childShapes":[],"bounds":{"lowerRight":{"x":560,"y":489},"upperLeft":{"x":560,"y":464}},"outputmappingproperties":{"fields":{"type":"complex","placeholders":[]},"executionlistener":{"type":"complex","placeholders":[]}},"properties":{"stencilid":"SequenceFlow","stencilsuperid":"SequenceFlow","stencilsuperids":["SequenceFlow"],"customstencil":false,"bordercolor":"#000000","notes":"","executionlistener":"","name":"","name-run":"","id":"sequenceFlow24","bgcolor":"#ffffff","documentation":"","fontsize":"12","fontweight":"normal","fontstyle":"normal","fontcolor":"#000000","conditionexpression":"","skipexpression":"","showdiamondmarker":false,"defaultflow":false,"xmlTag":"SequenceFlow"},"ssextensions":[],"outgoing":[{"resourceId":"scriptTask5"}],"dockers":[{"x":15,"y":15},{"x":50,"y":40}],"labels":[{"styles":{"fill":"#000000","size":"12","italic":false,"bold":false},"ref":"text_name"}],"target":{"resourceId":"scriptTask5"}},{"resourceId":"startNoneEvent3","stencil":{"id":"StartNoneEvent"},"pathProperties":{},"pathMappingProperties":{},"xmlProperties":["formproperties"],"childShapes":[],"bounds":{"lowerRight":{"x":165,"y":359.5000228881836},"upperLeft":{"x":135,"y":329.5000228881836}},"specialproperties":{"formreference":{"type":"treeview"},"workformreference":{"type":"treeview"}},"outputmappingproperties":{"formproperties":{"type":"formlist","placeholders":[]},"fields":{"type":"complex","placeholders":[]},"executionlistener":{"type":"complex","placeholders":[]},"workforminputmappings":{"type":"complex","placeholders":[]}},"properties":{"stencilid":"StartNoneEvent","stencilsuperid":"StartNoneEvent","stencilsuperids":["StartNoneEvent"],"customstencil":false,"formproperties":"","notes":"","interrupting":true,"bgcolor":"#ffffff","bordercolor":"#000000","executionlistener":"","name":"","name-run":"","id":"startNoneEvent3","documentation":"","fontsize":"12","fontweight":"normal","fontstyle":"normal","fontcolor":"#000000","async":false,"exclusive":true,"asyncleave":false,"trigger":"None","initiator":"initiator","formreference":"","samedeployment":true,"formfieldvalidation":false,"formfieldvalidation-run":"","workformreference":"","workformsamedeployment":true,"workformfieldvalidation":false,"workformfieldvalidation-run":"","workforminputmappingtype":"allowed","workforminputmappings":"","xmlTag":"StartNoneEvent"},"ssextensions":[],"outgoing":[{"resourceId":"sequenceFlow26"}],"dockers":[],"labels":[{"styles":{"fill":"#000000","size":"12","italic":false,"bold":false},"ref":"text_name"}]},{"resourceId":"sequenceFlow26","stencil":{"id":"SequenceFlow"},"pathProperties":{},"pathMappingProperties":{},"xmlProperties":[],"childShapes":[],"bounds":{"lowerRight":{"x":239,"y":344},"upperLeft":{"x":165,"y":344}},"outputmappingproperties":{"fields":{"type":"complex","placeholders":[]},"executionlistener":{"type":"complex","placeholders":[]}},"properties":{"stencilid":"SequenceFlow","stencilsuperid":"SequenceFlow","stencilsuperids":["SequenceFlow"],"customstencil":false,"bordercolor":"#000000","notes":"","executionlistener":"","name":"","name-run":"","id":"sequenceFlow26","bgcolor":"#ffffff","documentation":"","fontsize":"12","fontweight":"normal","fontstyle":"normal","fontcolor":"#000000","conditionexpression":"","skipexpression":"","showdiamondmarker":false,"defaultflow":false,"xmlTag":"SequenceFlow"},"ssextensions":[],"outgoing":[{"resourceId":"variableActivity3"}],"dockers":[{"x":15,"y":15},{"x":50,"y":40}],"labels":[{"styles":{"fill":"#000000","size":"12","italic":false,"bold":false},"ref":"text_name"}],"target":{"resourceId":"variableActivity3"}},{"resourceId":"endNoneEvent4","stencil":{"id":"EndNoneEvent"},"pathProperties":{},"pathMappingProperties":{},"xmlProperties":[],"childShapes":[],"bounds":{"lowerRight":{"x":1213,"y":358.5000228881836},"upperLeft":{"x":1185,"y":330.5000228881836}},"outputmappingproperties":{"fields":{"type":"complex","placeholders":[]},"executionlistener":{"type":"complex","placeholders":[]}},"properties":{"stencilid":"EndNoneEvent","stencilsuperid":"EndNoneEvent","stencilsuperids":["EndNoneEvent"],"customstencil":false,"bgcolor":"#ffffff","notes":"","bordercolor":"#000000","executionlistener":"","name":"","name-run":"","id":"endNoneEvent4","documentation":"","fontsize":"12","fontweight":"normal","fontstyle":"normal","fontcolor":"#000000","async":false,"exclusive":true,"asyncleave":false,"trigger":"None","terminateall":false,"xmlTag":"EndNoneEvent"},"ssextensions":[],"outgoing":[],"dockers":[],"labels":[{"styles":{"fill":"#000000","size":"12","italic":false,"bold":false},"ref":"text_name"}]},{"resourceId":"sequenceFlow27","stencil":{"id":"SequenceFlow"},"pathProperties":{},"pathMappingProperties":{},"xmlProperties":[],"childShapes":[],"bounds":{"lowerRight":{"x":1184,"y":344},"upperLeft":{"x":1109,"y":344}},"outputmappingproperties":{"fields":{"type":"complex","placeholders":[]},"executionlistener":{"type":"complex","placeholders":[]}},"properties":{"stencilid":"SequenceFlow","stencilsuperid":"SequenceFlow","stencilsuperids":["SequenceFlow"],"customstencil":false,"bordercolor":"#000000","notes":"","executionlistener":"","name":"","name-run":"","id":"sequenceFlow27","bgcolor":"#ffffff","documentation":"","fontsize":"12","fontweight":"normal","fontstyle":"normal","fontcolor":"#000000","conditionexpression":"","skipexpression":"","showdiamondmarker":false,"defaultflow":false,"xmlTag":"SequenceFlow"},"ssextensions":[],"outgoing":[{"resourceId":"endNoneEvent4"}],"dockers":[{"x":337.0155279503105,"y":104.50002288818354},{"x":14,"y":14}],"labels":[{"styles":{"fill":"#000000","size":"12","italic":false,"bold":false},"ref":"text_name"}],"target":{"resourceId":"endNoneEvent4"}},{"resourceId":"scriptTask5","stencil":{"id":"Task"},"pathProperties":{},"pathMappingProperties":{},"xmlProperties":["loopvariableaggregation"],"childShapes":[],"bounds":{"lowerRight":{"x":610,"y":570},"upperLeft":{"x":510,"y":490}},"outputmappingproperties":{"loopvariableaggregation":{"type":"formlist","placeholders":[]},"fields":{"type":"complex","placeholders":[]},"executionlistener":{"type":"complex","placeholders":[]},"exceptionmappings":{"type":"complex","placeholders":[]}},"properties":{"stencilid":"ScriptTask","stencilsuperid":"Task","stencilsuperids":["Task"],"customstencil":false,"includeinhistory":false,"notes":"","categories":"","looptype":"None","loopcollection":"","loopelementvariable":"","loopelementindexvariable":"loopCounter","loopcardinality":"","completioncondition":"","nowaitstatesasyncleave":"","loopvariableaggregation":"","tasktype":"Script","bgcolor":"#ffffff","guid":"","skipexpression":"","isforcompensation":false,"bordercolor":"#000000","executionlistener":"","name":"Increment        Variable","name-run":"Increment        Variable","id":"scriptTask5","documentation":"","fontsize":"12","fontweight":"normal","fontstyle":"normal","fontcolor":"#000000","async":false,"exclusive":true,"asyncleave":false,"scriptformat":"groovy","script":"def restCount = execution.getVariable(\"restCount\");\nrestCount ++;\nprintln\"restCount  =  $restCount\"\n//Save retry count\nexecution.setVariable(\"restCount\", restCount);\n//execution.setVariable(\"initiator\", \"eaas0001\");","autostorevariables":false,"resultvariable":"","exceptionmappings":"","xmlTag":"ScriptTask"},"ssextensions":[],"outgoing":[{"resourceId":"sequenceFlow18"}],"dockers":[],"labels":[{"styles":{"fill":"#000000","size":"12","italic":false,"bold":false},"ref":"text_name"}]},{"resourceId":"sequenceFlow29","stencil":{"id":"SequenceFlow"},"pathProperties":{},"pathMappingProperties":{},"xmlProperties":[],"childShapes":[],"bounds":{"lowerRight":{"x":434,"y":344},"upperLeft":{"x":340,"y":344}},"outputmappingproperties":{"fields":{"type":"complex","placeholders":[]},"executionlistener":{"type":"complex","placeholders":[]}},"properties":{"stencilid":"SequenceFlow","stencilsuperid":"SequenceFlow","stencilsuperids":["SequenceFlow"],"customstencil":false,"bordercolor":"#000000","notes":"","executionlistener":"","name":"","name-run":"","id":"sequenceFlow29","bgcolor":"#ffffff","documentation":"","fontsize":"12","fontweight":"normal","fontstyle":"normal","fontcolor":"#000000","conditionexpression":"","skipexpression":"","showdiamondmarker":false,"defaultflow":false,"xmlTag":"SequenceFlow"},"ssextensions":[],"outgoing":[{"resourceId":"expandedSubProcess1"}],"dockers":[{"x":50,"y":40},{"x":337.0155279503105,"y":104.5000228881836}],"labels":[{"styles":{"fill":"#000000","size":"12","italic":false,"bold":false},"ref":"text_name"}],"target":{"resourceId":"expandedSubProcess1"}},{"resourceId":"variableActivity3","stencil":{"id":"ServiceTask"},"pathProperties":{},"pathMappingProperties":{},"xmlProperties":["loopvariableaggregation","initvariablemap","overwrite","overwrite-run"],"childShapes":[],"bounds":{"lowerRight":{"x":340,"y":384.5000228881836},"upperLeft":{"x":240,"y":304.5000228881836}},"outputmappingproperties":{"loopvariableaggregation":{"type":"formlist","placeholders":[]},"fields":{"type":"complex","placeholders":[]},"executionlistener":{"type":"complex","placeholders":[]},"classfields":{"type":"complex","placeholders":[]},"exceptionmappings":{"type":"complex","placeholders":[]}},"properties":{"stencilid":"VariableActivity","stencilsuperid":"ServiceTask","stencilsuperids":["ServiceTask"],"customstencil":false,"includeinhistory":false,"notes":"","categories":"","looptype":"None","loopcollection":"","loopelementvariable":"","loopelementindexvariable":"loopCounter","loopcardinality":"","completioncondition":"","nowaitstatesasyncleave":"","loopvariableaggregation":"","tasktype":"Service","bgcolor":"#ffffff","guid":"","skipexpression":"","isforcompensation":false,"expression":"","delegateexpression":"${initVariablesService}","resultvariable":"","class":"","executionlistener":"","bordercolor":"#000000","async":false,"exclusive":true,"asyncleave":false,"name":"Initialize variables","name-run":"Initialize variables","id":"variableActivity3","documentation":"","fontsize":"12","fontweight":"normal","fontstyle":"normal","fontcolor":"#000000","classfields":"","servicetasktriggerable":false,"servicetaskstoreresultvariabletransient":"","servicetaskuselocalscopeforresultvariable":false,"exceptionmappings":"","servicetaskfailedjobretrytimecycle":"","initvariablemap":{"totalCount":1,"items":[{"target":"","name":"restCount","valueType":"integer","value":0}]},"overwrite":true,"overwrite-run":"","genericproperty":"","xmlTag":"ServiceTask"},"ssextensions":[],"outgoing":[{"resourceId":"sequenceFlow29"}],"dockers":[],"labels":[{"styles":{"fill":"#000000","size":"12","italic":false,"bold":false},"ref":"text_name"}]},{"resourceId":"exclusive_Databased_Gateway2","stencil":{"id":"Exclusive_Databased_Gateway"},"pathProperties":{},"pathMappingProperties":{},"xmlProperties":[],"childShapes":[],"bounds":{"lowerRight":{"x":700,"y":550},"upperLeft":{"x":660,"y":510}},"properties":{"stencilid":"Exclusive_Databased_Gateway","stencilsuperid":"Exclusive_Databased_Gateway","stencilsuperids":["Exclusive_Databased_Gateway"],"customstencil":false,"includeinhistory":false,"notes":"","categories":"","sequencefloworder":"","bgcolor":"#ffffff","name":"","name-run":"","id":"exclusive_Databased_Gateway2","documentation":"","fontsize":"12","fontweight":"normal","fontstyle":"normal","fontcolor":"#000000","async":false,"exclusive":true,"asyncleave":false,"bordercolor":"#000000","gatewaytype":"XOR","xmlTag":"Exclusive_Databased_Gateway"},"ssextensions":[],"outgoing":[{"resourceId":"sequenceFlow30"},{"resourceId":"sequenceFlow32"},{"resourceId":"sequenceFlow15"}],"dockers":[],"labels":[{"styles":{"fill":"#000000","size":"12","italic":false,"bold":false},"ref":"text_name"}]},{"resourceId":"sequenceFlow18","stencil":{"id":"SequenceFlow"},"pathProperties":{},"pathMappingProperties":{},"xmlProperties":[],"childShapes":[],"bounds":{"lowerRight":{"x":659,"y":530},"upperLeft":{"x":610,"y":530}},"outputmappingproperties":{"fields":{"type":"complex","placeholders":[]},"executionlistener":{"type":"complex","placeholders":[]}},"properties":{"stencilid":"SequenceFlow","stencilsuperid":"SequenceFlow","stencilsuperids":["SequenceFlow"],"customstencil":false,"bordercolor":"#000000","notes":"","executionlistener":"","name":"","name-run":"","id":"sequenceFlow18","bgcolor":"#ffffff","documentation":"","fontsize":"12","fontweight":"normal","fontstyle":"normal","fontcolor":"#000000","conditionexpression":"","skipexpression":"","showdiamondmarker":false,"defaultflow":false,"xmlTag":"SequenceFlow"},"ssextensions":[],"outgoing":[{"resourceId":"exclusive_Databased_Gateway2"}],"dockers":[{"x":50,"y":40},{"x":20.5,"y":20.5}],"labels":[{"styles":{"fill":"#000000","size":"12","italic":false,"bold":false},"ref":"text_name"}],"target":{"resourceId":"exclusive_Databased_Gateway2"}},{"resourceId":"emailTask3","stencil":{"id":"Task"},"pathProperties":{},"pathMappingProperties":{},"xmlProperties":["loopvariableaggregation"],"childShapes":[],"bounds":{"lowerRight":{"x":850,"y":570},"upperLeft":{"x":750,"y":490}},"outputmappingproperties":{"loopvariableaggregation":{"type":"formlist","placeholders":[]},"fields":{"type":"complex","placeholders":[]},"executionlistener":{"type":"complex","placeholders":[]}},"properties":{"stencilid":"EmailTask","stencilsuperid":"Task","stencilsuperids":["Task"],"customstencil":false,"includeinhistory":false,"notes":"","categories":"","looptype":"None","loopcollection":"","loopelementvariable":"","loopelementindexvariable":"loopCounter","loopcardinality":"","completioncondition":"","nowaitstatesasyncleave":"","loopvariableaggregation":"","tasktype":"Email","bgcolor":"#ffffff","guid":"","skipexpression":"","isforcompensation":false,"executionlistener":"","name":"Send an Email to Admin","name-run":"Send an Email to Admin","id":"emailTask3","documentation":"","fontsize":"12","fontweight":"normal","fontstyle":"normal","fontcolor":"#000000","async":false,"exclusive":true,"asyncleave":false,"email":{"subjectType":"text","bodyType":"text","from":"noreply-ubix.autoworx.uit@yorku.ca","to":"akashb21@yorku.ca","subject":"INTURUPTION IN SERVICE : JOB_E","text":"nifi is down, please fix it!! TEST"},"xmlTag":"EmailTask"},"ssextensions":[],"outgoing":[{"resourceId":"sequenceFlow16"}],"dockers":[],"labels":[{"styles":{"fill":"#000000","size":"12","italic":false,"bold":false},"ref":"text_name"}]},{"resourceId":"sequenceFlow30","stencil":{"id":"SequenceFlow"},"pathProperties":{},"pathMappingProperties":{},"xmlProperties":[],"childShapes":[],"bounds":{"lowerRight":{"x":749,"y":530},"upperLeft":{"x":700,"y":530}},"outputmappingproperties":{"fields":{"type":"complex","placeholders":[]},"executionlistener":{"type":"complex","placeholders":[]}},"properties":{"stencilid":"SequenceFlow","stencilsuperid":"SequenceFlow","stencilsuperids":["SequenceFlow"],"customstencil":false,"bordercolor":"#000000","notes":"","executionlistener":"","name":"","name-run":"","id":"sequenceFlow30","bgcolor":"#ffffff","documentation":"","fontsize":"12","fontweight":"normal","fontstyle":"normal","fontcolor":"#000000","conditionexpression":"${restCount==10}","skipexpression":"","showdiamondmarker":false,"defaultflow":false,"xmlTag":"SequenceFlow"},"ssextensions":[],"outgoing":[{"resourceId":"emailTask3"}],"dockers":[{"x":20.5,"y":20.5},{"x":50,"y":40}],"labels":[{"styles":{"fill":"#000000","size":"12","italic":false,"bold":false},"ref":"text_name"}],"target":{"resourceId":"emailTask3"}},{"resourceId":"sequenceFlow32","stencil":{"id":"SequenceFlow"},"pathProperties":{},"pathMappingProperties":{},"xmlProperties":[],"childShapes":[],"bounds":{"lowerRight":{"x":749,"y":625},"upperLeft":{"x":680,"y":550}},"outputmappingproperties":{"fields":{"type":"complex","placeholders":[]},"executionlistener":{"type":"complex","placeholders":[]}},"properties":{"stencilid":"SequenceFlow","stencilsuperid":"SequenceFlow","stencilsuperids":["SequenceFlow"],"customstencil":false,"bordercolor":"#000000","notes":"","executionlistener":"","name":"","name-run":"","id":"sequenceFlow32","bgcolor":"#ffffff","documentation":"","fontsize":"12","fontweight":"normal","fontstyle":"normal","fontcolor":"#000000","conditionexpression":"${restCount==1}","skipexpression":"","showdiamondmarker":false,"defaultflow":false,"xmlTag":"SequenceFlow"},"ssextensions":[],"outgoing":[{"resourceId":"scriptTask6"}],"dockers":[{"x":20.5,"y":20.5},{"x":680.5,"y":625},{"x":50,"y":40}],"labels":[{"styles":{"fill":"#000000","size":"12","italic":false,"bold":false},"ref":"text_name"}],"target":{"resourceId":"scriptTask6"}},{"resourceId":"emailTask4","stencil":{"id":"Task"},"pathProperties":{},"pathMappingProperties":{},"xmlProperties":["loopvariableaggregation"],"childShapes":[],"bounds":{"lowerRight":{"x":1008.0310559006211,"y":665},"upperLeft":{"x":908.0310559006211,"y":585}},"outputmappingproperties":{"loopvariableaggregation":{"type":"formlist","placeholders":[]},"fields":{"type":"complex","placeholders":[]},"executionlistener":{"type":"complex","placeholders":[]}},"properties":{"stencilid":"EmailTask","stencilsuperid":"Task","stencilsuperids":["Task"],"customstencil":false,"includeinhistory":false,"notes":"","categories":"","looptype":"None","loopcollection":"","loopelementvariable":"","loopelementindexvariable":"loopCounter","loopcardinality":"","completioncondition":"","nowaitstatesasyncleave":"","loopvariableaggregation":"","tasktype":"Email","bgcolor":"#ffffff","guid":"","skipexpression":"","isforcompensation":false,"executionlistener":"","name":"Send an Email to Admin","name-run":"Send an Email to Admin","id":"emailTask4","documentation":"","fontsize":"12","fontweight":"normal","fontstyle":"normal","fontcolor":"#000000","async":false,"exclusive":true,"asyncleave":false,"email":{"subjectType":"text","bodyType":"text","from":"noreply-ubix.autoworx.uit@yorku.ca","to":"akashb21@yorku.ca","subject":"INTURUPTION IN SERVICE : JOB_E","text":"nifi is down, please fix it!! TEST\n\nhttps://autoworx-qa.uit.yorku.ca/work/#/tasks/mine"},"xmlTag":"EmailTask"},"ssextensions":[],"outgoing":[{"resourceId":"sequenceFlow17"}],"dockers":[],"labels":[{"styles":{"fill":"#000000","size":"12","italic":false,"bold":false},"ref":"text_name"}]},{"resourceId":"scriptTask6","stencil":{"id":"Task"},"pathProperties":{},"pathMappingProperties":{},"xmlProperties":["loopvariableaggregation"],"childShapes":[],"bounds":{"lowerRight":{"x":850,"y":665},"upperLeft":{"x":750,"y":585}},"outputmappingproperties":{"loopvariableaggregation":{"type":"formlist","placeholders":[]},"fields":{"type":"complex","placeholders":[]},"executionlistener":{"type":"complex","placeholders":[]},"exceptionmappings":{"type":"complex","placeholders":[]}},"properties":{"stencilid":"ScriptTask","stencilsuperid":"Task","stencilsuperids":["Task"],"customstencil":false,"includeinhistory":false,"notes":"","categories":"","looptype":"None","loopcollection":"","loopelementvariable":"","loopelementindexvariable":"loopCounter","loopcardinality":"","completioncondition":"","nowaitstatesasyncleave":"","loopvariableaggregation":"","tasktype":"Script","bgcolor":"#ffffff","guid":"","skipexpression":"","isforcompensation":false,"bordercolor":"#000000","executionlistener":"","name":"Starts a process","name-run":"Starts a process","id":"scriptTask6","documentation":"","fontsize":"12","fontweight":"normal","fontstyle":"normal","fontcolor":"#000000","async":false,"exclusive":true,"asyncleave":false,"scriptformat":"groovy","script":"import org.flowable.engine.ProcessEngines\nimport org.flowable.engine.RuntimeService\n\ndef taskId = execution.getVariable(\"taskId\") as String\ndef taskIdentifier = execution.getVariable(\"taskIdentifier\") as String\ndef runtimeService = ProcessEngines.getDefaultProcessEngine().getRuntimeService() as RuntimeService\ndef processInstance = runtimeService.createProcessInstanceBuilder()\n    .processDefinitionKey(\"job_E_Process_Manual_Task_Assignment\")\n    .variable(\"taskId\", taskId)\n    .variable(\"taskIdentifier\", taskIdentifier)\n    .variable(\"initiator\", \"eaas0001\")\n    .assignee(\"eaas0001\") \n    //.startAsync() // Start the process asynchronously\n\t.start()\n","autostorevariables":false,"resultvariable":"","exceptionmappings":"","xmlTag":"ScriptTask"},"ssextensions":[],"outgoing":[{"resourceId":"sequenceFlow34"}],"dockers":[],"labels":[{"styles":{"fill":"#000000","size":"12","italic":false,"bold":false},"ref":"text_name"}]},{"resourceId":"sequenceFlow34","stencil":{"id":"SequenceFlow"},"pathProperties":{},"pathMappingProperties":{},"xmlProperties":[],"childShapes":[],"bounds":{"lowerRight":{"x":907,"y":625},"upperLeft":{"x":850,"y":625}},"outputmappingproperties":{"fields":{"type":"complex","placeholders":[]},"executionlistener":{"type":"complex","placeholders":[]}},"properties":{"stencilid":"SequenceFlow","stencilsuperid":"SequenceFlow","stencilsuperids":["SequenceFlow"],"customstencil":false,"bordercolor":"#000000","notes":"","executionlistener":"","name":"","name-run":"","id":"sequenceFlow34","bgcolor":"#ffffff","documentation":"","fontsize":"12","fontweight":"normal","fontstyle":"normal","fontcolor":"#000000","conditionexpression":"","skipexpression":"","showdiamondmarker":false,"defaultflow":false,"xmlTag":"SequenceFlow"},"ssextensions":[],"outgoing":[{"resourceId":"emailTask4"}],"dockers":[{"x":50,"y":40},{"x":50,"y":40}],"labels":[{"styles":{"fill":"#000000","size":"12","italic":false,"bold":false},"ref":"text_name"}],"target":{"resourceId":"emailTask4"}},{"resourceId":"sequenceFlow15","stencil":{"id":"SequenceFlow"},"pathProperties":{},"pathMappingProperties":{},"xmlProperties":[],"childShapes":[],"bounds":{"lowerRight":{"x":680,"y":509},"upperLeft":{"x":680,"y":449}},"outputmappingproperties":{"fields":{"type":"complex","placeholders":[]},"executionlistener":{"type":"complex","placeholders":[]}},"properties":{"stencilid":"SequenceFlow","stencilsuperid":"SequenceFlow","stencilsuperids":["SequenceFlow"],"customstencil":false,"bordercolor":"#000000","notes":"","executionlistener":"","name":"","name-run":"","id":"sequenceFlow15","bgcolor":"#ffffff","documentation":"","fontsize":"12","fontweight":"normal","fontstyle":"normal","fontcolor":"#000000","conditionexpression":"","skipexpression":"","showdiamondmarker":false,"defaultflow":true,"xmlTag":"SequenceFlow"},"ssextensions":[],"outgoing":[{"resourceId":"expandedSubProcess1"}],"dockers":[{"x":20.5,"y":20.5},{"x":244.99999999999997,"y":205.99999999999997}],"labels":[{"styles":{"fill":"#000000","size":"12","italic":false,"bold":false},"ref":"text_name"}],"target":{"resourceId":"expandedSubProcess1"}},{"resourceId":"sequenceFlow16","stencil":{"id":"SequenceFlow"},"pathProperties":{},"pathMappingProperties":{},"xmlProperties":[],"childShapes":[],"bounds":{"lowerRight":{"x":800,"y":489},"upperLeft":{"x":800,"y":450}},"outputmappingproperties":{"fields":{"type":"complex","placeholders":[]},"executionlistener":{"type":"complex","placeholders":[]}},"properties":{"stencilid":"SequenceFlow","stencilsuperid":"SequenceFlow","stencilsuperids":["SequenceFlow"],"customstencil":false,"bordercolor":"#000000","notes":"","executionlistener":"","name":"","name-run":"","id":"sequenceFlow16","bgcolor":"#ffffff","documentation":"","fontsize":"12","fontweight":"normal","fontstyle":"normal","fontcolor":"#000000","conditionexpression":"","skipexpression":"","showdiamondmarker":false,"defaultflow":false,"xmlTag":"SequenceFlow"},"ssextensions":[],"outgoing":[{"resourceId":"expandedSubProcess1"}],"dockers":[{"x":50,"y":40},{"x":364.99999999999994,"y":209}],"labels":[{"styles":{"fill":"#000000","size":"12","italic":false,"bold":false},"ref":"text_name"}],"target":{"resourceId":"expandedSubProcess1"}},{"resourceId":"sequenceFlow17","stencil":{"id":"SequenceFlow"},"pathProperties":{},"pathMappingProperties":{},"xmlProperties":[],"childShapes":[],"bounds":{"lowerRight":{"x":958,"y":584},"upperLeft":{"x":958,"y":449}},"outputmappingproperties":{"fields":{"type":"complex","placeholders":[]},"executionlistener":{"type":"complex","placeholders":[]}},"properties":{"stencilid":"SequenceFlow","stencilsuperid":"SequenceFlow","stencilsuperids":["SequenceFlow"],"customstencil":false,"bordercolor":"#000000","notes":"","executionlistener":"","name":"","name-run":"","id":"sequenceFlow17","bgcolor":"#ffffff","documentation":"","fontsize":"12","fontweight":"normal","fontstyle":"normal","fontcolor":"#000000","conditionexpression":"","skipexpression":"","showdiamondmarker":false,"defaultflow":false,"xmlTag":"SequenceFlow"},"ssextensions":[],"outgoing":[{"resourceId":"expandedSubProcess1"}],"dockers":[{"x":50,"y":40},{"x":523,"y":209}],"labels":[{"styles":{"fill":"#000000","size":"12","italic":false,"bold":false},"ref":"text_name"}],"target":{"resourceId":"expandedSubProcess1"}},{"resourceId":"intermediateErrorEventBoundary3","stencil":{"id":"IntermediateErrorEventBoundary"},"pathProperties":{},"pathMappingProperties":{},"xmlProperties":[],"childShapes":[],"bounds":{"lowerRight":{"x":575,"y":464.0000457763672},"upperLeft":{"x":545,"y":434.0000457763672}},"properties":{"stencilid":"IntermediateErrorEventBoundary","stencilsuperid":"IntermediateErrorEventBoundary","stencilsuperids":["IntermediateErrorEventBoundary"],"customstencil":false,"bgcolor":"#ffffff","notes":"","bordercolor":"#000000","name":"","name-run":"","id":"intermediateErrorEventBoundary3","documentation":"","fontsize":"12","fontweight":"normal","fontstyle":"normal","fontcolor":"#000000","errorcode":"","errorvariablename":"findByVariables","errorvariabletransient":false,"errorvariablelocalscope":false,"trigger":"Error","xmlTag":"IntermediateErrorEventBoundary"},"ssextensions":[],"outgoing":[{"resourceId":"sequenceFlow24"}],"dockers":[{"x":125,"y":195}],"labels":[{"styles":{"fill":"#000000","size":"12","italic":false,"bold":false},"ref":"text_name"}]}],"bounds":{"lowerRight":{"x":1485,"y":1050},"upperLeft":{"x":0,"y":0}},"specialproperties":{"processsequence":{"type":"treeview"},"securitypolicy":{"type":"treeview"}},"outputmappingproperties":{"fields":{"type":"complex","placeholders":[]},"executionlistener":{"type":"complex","placeholders":[]},"dataproperties":{"type":"complex","placeholders":[]},"modelstatuselements":{"type":"formlist","placeholders":[]},"namespaces":{"type":"complex","placeholders":[]},"allowedhistoricvariables":{"type":"complex","placeholders":[]},"eventlisteners":{"type":"complex","placeholders":[]},"indexingfilters":{"type":"complex","placeholders":[]},"signaldefinitions":{"type":"complex","placeholders":[]},"messagedefinitions":{"type":"complex","placeholders":[]}},"properties":{"stencilid":"BPMNDiagram","stencilsuperid":"BPMNDiagram","stencilsuperids":["BPMNDiagram"],"customstencil":false,"executionlistener":"","notes":"","dataproperties":"","owner":"","owner-run":"","assignee":"","assignee-run":"","participantusers":"","participantusers-run":"","participantgroups":"","participantgroups-run":"","modelstatuselements":"","watcherusers":"","watcherusers-run":"","watchergroups":"","watchergroups-run":"","name":"jOB_E_Process_StartingProcessUsingTaskListeners","id":"jOB_E_Process_StartingProcessUsingTaskListeners","bgcolor":"#ffffff","documentation":"","fontsize":"12","fontweight":"normal","fontstyle":"normal","fontcolor":"#000000","labelexpression":"","name_en_us":"","name_it_it":"","name_es_es":"","name_fr_fr":"","name_de_de":"","name_i18n-key":"","guid":"PROCESS_MODEL-aea42b94-710e-45ab-b11b-953c0322964f","author":"","language":"English","namespaces":"","creationdate":"2023-06-13T18:00:17.300Z","modificationdate":"2023-06-27T19:00:44.663Z","processsequence":"","processsequence-run":"","processsequencevariablename":"","processsequencevariablename-run":"","processinstancename":"","processinstancename_en_us":"","processinstancename_en_us-run":"","processinstancename_it_it":"","processinstancename_it_it-run":"","processinstancename_es_es":"","processinstancename_es_es-run":"","processinstancename_fr_fr":"","processinstancename_fr_fr-run":"","processinstancename_de_de":"","processinstancename_de_de-run":"","processinstancename-run":"","processinstancename_i18n-key":"","processinstancebusinessstatus":"","processinstancebusinessstatus-run":"","processinstancebusinesskey":"","processinstancebusinesskey-run":"","isprocessexecutable":true,"securitypolicy":"","allowedhistoricvariables":"","customfolderpath":"","comments-only-on-root":"","documents-only-on-root":"","process_potentialstarteruser":"","process_potentialstarteruser-run":"","process_potentialstartergroup":"flowableUser","process_potentialstartergroup-run":"","do-not-inherit-start-user-as-owner":"","do-not-inherit-start-user-as-assignee":"","process_namespace":"","process_historylevel":"","eventlisteners":"","indexingfiltertype":"allowed","indexingfilters":"","signaldefinitions":"","messagedefinitions":"","iseagerexecutionfetch":false,"initiator":"","version":"","process_author":"","xmlTag":"BPMNDiagram","description":""},"ssextensions":[],"stencilset":{"url":"./app/editor_stencilset","paletteKey":"flowable-process-palette","namespace":"http://b3mn.org/stencilset/bpmn2.0#"}}}