{"id":"FORM_MODEL-ae0aebfd-a8d1-49a5-84b4-212d00826061","name":"JOB_E_Form_Approver_ChnageVariable","key":"jOB_E_Form_Approver_ChnageVariable","description":null,"tenantId":"default","editorJson":{"resourceId":"editor_FORM_MODEL-ae0aebfd-a8d1-49a5-84b4-212d00826061","stencil":{"id":"XForm"},"pathProperties":{"outcomes":"outcomes","outcomevariablename":"outcomeVariableName","events":"extraSettings.events","dialog-size":"dialogSize","dialog-size-run":"dialogSize","dialog-title":"dialogTitle","dialog-title_en_us":"i18n.en_us.dialogTitle","dialog-title_it_it":"i18n.it_it.dialogTitle","dialog-title_es_es":"i18n.es_es.dialogTitle","dialog-title_fr_fr":"i18n.fr_fr.dialogTitle","dialog-title_de_de":"i18n.de_de.dialogTitle","dialog-title_i18n-key":"dialogTitle","dialog-description":"dialogDescription","force-validation":"forceValidation","custom-validations":"customValidations","validation-panel-display":"extraSettings.validationPanelDisplay"},"pathMappingProperties":{},"xmlProperties":[],"childShapes":[{"resourceId":"panel1","stencil":{"id":"SlotPanel"},"pathProperties":{"id":"id"},"pathMappingProperties":{},"xmlProperties":[],"childShapes":[{"resourceId":"multi-select1","stencil":{"id":"base-multi-select"},"pathProperties":{"tags-enabled":"extraSettings.tagsEnabled","preselect-all":"extraSettings.preselectAll","client-side-filtering":"extraSettings.clientSideFiltering","selection-error-msg":"extraSettings.selectionErrorMessage","selection-error-msg_en_us":"i18n.en_us.extraSettings.selectionErrorMessage","selection-error-msg_it_it":"i18n.it_it.extraSettings.selectionErrorMessage","selection-error-msg_es_es":"i18n.es_es.extraSettings.selectionErrorMessage","selection-error-msg_fr_fr":"i18n.fr_fr.extraSettings.selectionErrorMessage","selection-error-msg_de_de":"i18n.de_de.extraSettings.selectionErrorMessage","selection-error-msg_i18n-key":"extraSettings.selectionErrorMessage","min-error-msg":"extraSettings.minItemsErrorMessage","min-error-msg_en_us":"i18n.en_us.extraSettings.minItemsErrorMessage","min-error-msg_it_it":"i18n.it_it.extraSettings.minItemsErrorMessage","min-error-msg_es_es":"i18n.es_es.extraSettings.minItemsErrorMessage","min-error-msg_fr_fr":"i18n.fr_fr.extraSettings.minItemsErrorMessage","min-error-msg_de_de":"i18n.de_de.extraSettings.minItemsErrorMessage","min-error-msg_i18n-key":"extraSettings.minItemsErrorMessage","max-error-msg":"extraSettings.maxItemsErrorMessage","max-error-msg_en_us":"i18n.en_us.extraSettings.maxItemsErrorMessage","max-error-msg_it_it":"i18n.it_it.extraSettings.maxItemsErrorMessage","max-error-msg_es_es":"i18n.es_es.extraSettings.maxItemsErrorMessage","max-error-msg_fr_fr":"i18n.fr_fr.extraSettings.maxItemsErrorMessage","max-error-msg_de_de":"i18n.de_de.extraSettings.maxItemsErrorMessage","max-error-msg_i18n-key":"extraSettings.maxItemsErrorMessage","min-items":"extraSettings.minItems","min-items-run":"extraSettings.minItems","max-items":"extraSettings.maxItems","max-items-run":"extraSettings.maxItems","enable-autocomplete":"extraSettings.enableAutocomplete","autocomplete-min-length":"extraSettings.autocompleteMinLength","autocomplete-min-length-run":"extraSettings.autocompleteMinLength","placeholder":"placeholder","placeholder_en_us":"i18n.en_us.placeholder","placeholder_it_it":"i18n.it_it.placeholder","placeholder_es_es":"i18n.es_es.placeholder","placeholder_fr_fr":"i18n.fr_fr.placeholder","placeholder_de_de":"i18n.de_de.placeholder","placeholder_i18n-key":"placeholder","enabled":"enabled","enabled-run":"enabled","datasource":"extraSettings.dataSource","options":"extraSettings.items","options-run":"extraSettings.items","table-key":"extraSettings.tableKey","table-key-run":"extraSettings.tableKey","master-data-include-translations":"extraSettings.masterDataIncludeTranslations","query-url":"extraSettings.queryUrl","query-url-run":"extraSettings.queryUrl","lookup-url":"extraSettings.lookupUrl","lookup-url-run":"extraSettings.lookupUrl","query-params":"extraSettings.queryParams","path":"extraSettings.path","search-query":"extraSettings.searchQuery","link-target-view":"extraSettings.linkTargetView","format-item":"extraSettings.formatItem","auto-complete-type":"extraSettings.storage","serialize-item":"extraSettings.identity","serialize-item-master":"extraSettings.identity","serialize-item-full":"extraSettings.identity","link-item":"extraSettings.linkUrl","link-target":"extraSettings.linkTarget","label-position":"labelAlign","tooltip":"tooltip","tooltip_en_us":"i18n.en_us.tooltip","tooltip_it_it":"i18n.it_it.tooltip","tooltip_es_es":"i18n.es_es.tooltip","tooltip_fr_fr":"i18n.fr_fr.tooltip","tooltip_de_de":"i18n.de_de.tooltip","tooltip_i18n-key":"tooltip","value":"value","default-value":"defaultValue","description":"description","description_en_us":"i18n.en_us.description","description_it_it":"i18n.it_it.description","description_es_es":"i18n.es_es.description","description_fr_fr":"i18n.fr_fr.description","description_de_de":"i18n.de_de.description","description_i18n-key":"description","col-span":"size","ignored":"ignore","ignored-run":"ignore","visible":"visible","visible-run":"visible","required":"isRequired","required-run":"isRequired","style-class":"styleClass","custom-validations":"customValidations","validation-panel-display":"extraSettings.validationPanelDisplay","label":"label","label_en_us":"i18n.en_us.label","label_it_it":"i18n.it_it.label","label_es_es":"i18n.es_es.label","label_fr_fr":"i18n.fr_fr.label","label_de_de":"i18n.de_de.label","label_i18n-key":"label","id":"id","modelevents":"modelEvents","multi":"extraSettings.multi"},"pathMappingProperties":{"dataobjectselectsearch":{"operationKey":"extraSettings.dataObjectOperationKey","queryParams":"extraSettings.queryParams","lookupIdName":"extraSettings.identity","key":"extraSettings.dataObjectDefinitionKey"},"dataobjectselectsearch-run":{"operationKey":"extraSettings.dataObjectOperationKey","queryParams":"extraSettings.queryParams","lookupIdName":"extraSettings.identity","key":"extraSettings.dataObjectDefinitionKey"}},"xmlProperties":["tags-enabled","preselect-all","client-side-filtering","table-key","table-key-run","query-url","query-url-run","lookup-url","lookup-url-run","dataobjectselectsearch","dataobjectselectsearch-run","query-params","path","format-item","auto-complete-type","serialize-item","serialize-item-master","serialize-item-full","link-item"],"childShapes":[],"bounds":{"lowerRight":{"x":492,"y":73},"upperLeft":{"x":261,"y":25}},"outputmappingproperties":{"options":{"type":"formlist","placeholders":[]},"query-params":{"type":"formlist","placeholders":[]},"custom-validations":{"type":"formlist","placeholders":[]},"modelevents":{"type":"formlist","placeholders":[]}},"properties":{"stencilid":"cloud-multi-select","stencilsuperid":"base-multi-select","stencilsuperids":["base-multi-select"],"customstencil":false,"tags-enabled":false,"notes":"","preselect-all":false,"client-side-filtering":false,"selection-error-msg":"","selection-error-msg_en_us":"","selection-error-msg_it_it":"","selection-error-msg_es_es":"","selection-error-msg_fr_fr":"","selection-error-msg_de_de":"","selection-error-msg_i18n-key":"","min-error-msg":"","min-error-msg_en_us":"","min-error-msg_it_it":"","min-error-msg_es_es":"","min-error-msg_fr_fr":"","min-error-msg_de_de":"","min-error-msg_i18n-key":"","max-error-msg":"","max-error-msg_en_us":"","max-error-msg_it_it":"","max-error-msg_es_es":"","max-error-msg_fr_fr":"","max-error-msg_de_de":"","max-error-msg_i18n-key":"","min-items":"","min-items-run":"","max-items":"","max-items-run":"","enable-autocomplete":false,"autocomplete-min-length":"1","autocomplete-min-length-run":"","placeholder":"","placeholder_en_us":"","placeholder_it_it":"","placeholder_es_es":"","placeholder_fr_fr":"","placeholder_de_de":"","placeholder_i18n-key":"","enabled":true,"enabled-run":"","datasource":"Static","options":"{{pyIds}}","options-run":"{{pyIds}}","table-key":"","table-key-run":"","master-data-include-translations":false,"query-url":"","query-url-run":"","lookup-url":"","lookup-url-run":"","dataobjectselectsearch":"","dataobjectselectsearch-run":"","query-params":"","path":"","search-query":"","link-target-view":"browse","format-item":"","auto-complete-type":"Id","serialize-item":"value","serialize-item-master":"id","serialize-item-full":"","link-item":"","link-target":"_blank","label-position":"top","tooltip":"","tooltip_en_us":"","tooltip_it_it":"","tooltip_es_es":"","tooltip_fr_fr":"","tooltip_de_de":"","tooltip_i18n-key":"","value":"{{pyIds}}","default-value":"","description":"","description_en_us":"","description_it_it":"","description_es_es":"","description_fr_fr":"","description_de_de":"","description_i18n-key":"","col-span":"1","ignored":false,"ignored-run":"","visible":true,"visible-run":"","required":false,"required-run":"","style-class":"","documentation":"","custom-validations":"","validation-panel-display":"show","label":"Label","label_en_us":"Label","label_it_it":"","label_es_es":"","label_fr_fr":"","label_de_de":"","label_i18n-key":"","id":"multi-select1","width":"200","height":"","col":4,"col-align":"fill","col-weight":"","row":1,"row-align":"top","row-weight":"","size":3,"description-position":"bottom","description-align":"left","node-type":"","modelevents":"","multi":true,"xmlTag":"select"},"ssextensions":[],"outgoing":[],"dockers":[],"labels":[{"styles":{"fill":"#000000","size":"12","italic":false,"bold":false},"ref":"label_text"},{"styles":{"fill":"#000000","size":"12","italic":false,"bold":false},"ref":"input_text"},{"styles":{"fill":"#000000","size":"12","italic":false,"bold":false},"ref":"desc_text"}]},{"resourceId":"text1","stencil":{"id":"base-text"},"pathProperties":{"min-length":"extraSettings.minLength","min-length-run":"extraSettings.minLength","min-length-error-msg":"minLengthErrorMessage","min-length-error-msg_en_us":"i18n.en_us.minLengthErrorMessage","min-length-error-msg_it_it":"i18n.it_it.minLengthErrorMessage","min-length-error-msg_es_es":"i18n.es_es.minLengthErrorMessage","min-length-error-msg_fr_fr":"i18n.fr_fr.minLengthErrorMessage","min-length-error-msg_de_de":"i18n.de_de.minLengthErrorMessage","min-length-error-msg_i18n-key":"minLengthErrorMessage","max-length":"extraSettings.maxLength","max-length-run":"extraSettings.maxLength","max-length-error-msg":"maxLengthErrorMessage","max-length-error-msg_en_us":"i18n.en_us.maxLengthErrorMessage","max-length-error-msg_it_it":"i18n.it_it.maxLengthErrorMessage","max-length-error-msg_es_es":"i18n.es_es.maxLengthErrorMessage","max-length-error-msg_fr_fr":"i18n.fr_fr.maxLengthErrorMessage","max-length-error-msg_de_de":"i18n.de_de.maxLengthErrorMessage","max-length-error-msg_i18n-key":"maxLengthErrorMessage","placeholder":"placeholder","placeholder_en_us":"i18n.en_us.placeholder","placeholder_it_it":"i18n.it_it.placeholder","placeholder_es_es":"i18n.es_es.placeholder","placeholder_fr_fr":"i18n.fr_fr.placeholder","placeholder_de_de":"i18n.de_de.placeholder","placeholder_i18n-key":"placeholder","label-position":"labelAlign","tooltip":"tooltip","tooltip_en_us":"i18n.en_us.tooltip","tooltip_it_it":"i18n.it_it.tooltip","tooltip_es_es":"i18n.es_es.tooltip","tooltip_fr_fr":"i18n.fr_fr.tooltip","tooltip_de_de":"i18n.de_de.tooltip","tooltip_i18n-key":"tooltip","value":"value","default-value":"defaultValue","description":"description","description_en_us":"i18n.en_us.description","description_it_it":"i18n.it_it.description","description_es_es":"i18n.es_es.description","description_fr_fr":"i18n.fr_fr.description","description_de_de":"i18n.de_de.description","description_i18n-key":"description","col-span":"size","ignored":"ignore","ignored-run":"ignore","visible":"visible","visible-run":"visible","enabled":"enabled","enabled-run":"enabled","required":"isRequired","required-run":"isRequired","style-class":"styleClass","custom-validations":"customValidations","validation-panel-display":"extraSettings.validationPanelDisplay","label":"label","label_en_us":"i18n.en_us.label","label_it_it":"i18n.it_it.label","label_es_es":"i18n.es_es.label","label_fr_fr":"i18n.fr_fr.label","label_de_de":"i18n.de_de.label","label_i18n-key":"label","id":"id","modelevents":"modelEvents","validation-regexp":"validationRegExp","validation-regexp-error-msg":"validationRegExpErrorMessage","validation-regexp-error-msg_en_us":"i18n.en_us.validationRegExpErrorMessage","validation-regexp-error-msg_it_it":"i18n.it_it.validationRegExpErrorMessage","validation-regexp-error-msg_es_es":"i18n.es_es.validationRegExpErrorMessage","validation-regexp-error-msg_fr_fr":"i18n.fr_fr.validationRegExpErrorMessage","validation-regexp-error-msg_de_de":"i18n.de_de.validationRegExpErrorMessage","validation-regexp-error-msg_i18n-key":"validationRegExpErrorMessage","validation-mask":"validationMask","validation-mask-error-msg":"validationMaskErrorMessage","validation-mask-error-msg_en_us":"i18n.en_us.validationMaskErrorMessage","validation-mask-error-msg_it_it":"i18n.it_it.validationMaskErrorMessage","validation-mask-error-msg_es_es":"i18n.es_es.validationMaskErrorMessage","validation-mask-error-msg_fr_fr":"i18n.fr_fr.validationMaskErrorMessage","validation-mask-error-msg_de_de":"i18n.de_de.validationMaskErrorMessage","validation-mask-error-msg_i18n-key":"validationMaskErrorMessage"},"pathMappingProperties":{},"xmlProperties":["min-length","min-length-run","min-length-error-msg","min-length-error-msg_en_us","min-length-error-msg_it_it","min-length-error-msg_es_es","min-length-error-msg_fr_fr","min-length-error-msg_de_de","min-length-error-msg_i18n-key","validation-regexp","validation-regexp-error-msg","validation-regexp-error-msg_en_us","validation-regexp-error-msg_it_it","validation-regexp-error-msg_es_es","validation-regexp-error-msg_fr_fr","validation-regexp-error-msg_de_de","validation-regexp-error-msg_i18n-key","validation-mask","validation-mask-error-msg","validation-mask-error-msg_en_us","validation-mask-error-msg_it_it","validation-mask-error-msg_es_es","validation-mask-error-msg_fr_fr","validation-mask-error-msg_de_de","validation-mask-error-msg_i18n-key"],"childShapes":[],"bounds":{"lowerRight":{"x":984,"y":73},"upperLeft":{"x":507,"y":25}},"outputmappingproperties":{"custom-validations":{"type":"formlist","placeholders":[]},"modelevents":{"type":"formlist","placeholders":[]}},"properties":{"stencilid":"cloud-text","stencilsuperid":"base-text","stencilsuperids":["base-text"],"customstencil":false,"bordercolor":"#000000","notes":"","min-length":"","min-length-run":"","min-length-error-msg":"","min-length-error-msg_en_us":"","min-length-error-msg_it_it":"","min-length-error-msg_es_es":"","min-length-error-msg_fr_fr":"","min-length-error-msg_de_de":"","min-length-error-msg_i18n-key":"","max-length":"","max-length-run":"","max-length-error-msg":"","max-length-error-msg_en_us":"","max-length-error-msg_it_it":"","max-length-error-msg_es_es":"","max-length-error-msg_fr_fr":"","max-length-error-msg_de_de":"","max-length-error-msg_i18n-key":"","placeholder":"","placeholder_en_us":"","placeholder_it_it":"","placeholder_es_es":"","placeholder_fr_fr":"","placeholder_de_de":"","placeholder_i18n-key":"","label-position":"top","tooltip":"","tooltip_en_us":"","tooltip_it_it":"","tooltip_es_es":"","tooltip_fr_fr":"","tooltip_de_de":"","tooltip_i18n-key":"","value":"{{nn}}","default-value":"","description":"","description_en_us":"","description_it_it":"","description_es_es":"","description_fr_fr":"","description_de_de":"","description_i18n-key":"","col-span":"1","ignored":false,"ignored-run":"","visible":true,"visible-run":"","enabled":true,"enabled-run":"","required":false,"required-run":"","style-class":"","documentation":"","custom-validations":"","validation-panel-display":"show","label":"Name","label_en_us":"Name","label_it_it":"","label_es_es":"","label_fr_fr":"","label_de_de":"","label_i18n-key":"","id":"text1","width":"200","height":"","col":7,"col-align":"fill","col-weight":"","row":1,"row-align":"top","row-weight":"","size":6,"description-position":"bottom","description-align":"left","node-type":"","modelevents":"","validation-regexp":"","validation-regexp-error-msg":"","validation-regexp-error-msg_en_us":"","validation-regexp-error-msg_it_it":"","validation-regexp-error-msg_es_es":"","validation-regexp-error-msg_fr_fr":"","validation-regexp-error-msg_de_de":"","validation-regexp-error-msg_i18n-key":"","validation-mask":"","validation-mask-error-msg":"","validation-mask-error-msg_en_us":"","validation-mask-error-msg_it_it":"","validation-mask-error-msg_es_es":"","validation-mask-error-msg_fr_fr":"","validation-mask-error-msg_de_de":"","validation-mask-error-msg_i18n-key":"","xmlTag":"text"},"ssextensions":[],"outgoing":[],"dockers":[],"labels":[{"styles":{"fill":"#000000","size":"12","italic":false,"bold":false},"ref":"label_text"},{"styles":{"fill":"#000000","size":"12","italic":false,"bold":false},"ref":"input_text"},{"styles":{"fill":"#000000","size":"12","italic":false,"bold":false},"ref":"desc_text"}]},{"resourceId":"text2","stencil":{"id":"base-text"},"pathProperties":{"min-length":"extraSettings.minLength","min-length-run":"extraSettings.minLength","min-length-error-msg":"minLengthErrorMessage","min-length-error-msg_en_us":"i18n.en_us.minLengthErrorMessage","min-length-error-msg_it_it":"i18n.it_it.minLengthErrorMessage","min-length-error-msg_es_es":"i18n.es_es.minLengthErrorMessage","min-length-error-msg_fr_fr":"i18n.fr_fr.minLengthErrorMessage","min-length-error-msg_de_de":"i18n.de_de.minLengthErrorMessage","min-length-error-msg_i18n-key":"minLengthErrorMessage","max-length":"extraSettings.maxLength","max-length-run":"extraSettings.maxLength","max-length-error-msg":"maxLengthErrorMessage","max-length-error-msg_en_us":"i18n.en_us.maxLengthErrorMessage","max-length-error-msg_it_it":"i18n.it_it.maxLengthErrorMessage","max-length-error-msg_es_es":"i18n.es_es.maxLengthErrorMessage","max-length-error-msg_fr_fr":"i18n.fr_fr.maxLengthErrorMessage","max-length-error-msg_de_de":"i18n.de_de.maxLengthErrorMessage","max-length-error-msg_i18n-key":"maxLengthErrorMessage","placeholder":"placeholder","placeholder_en_us":"i18n.en_us.placeholder","placeholder_it_it":"i18n.it_it.placeholder","placeholder_es_es":"i18n.es_es.placeholder","placeholder_fr_fr":"i18n.fr_fr.placeholder","placeholder_de_de":"i18n.de_de.placeholder","placeholder_i18n-key":"placeholder","label-position":"labelAlign","tooltip":"tooltip","tooltip_en_us":"i18n.en_us.tooltip","tooltip_it_it":"i18n.it_it.tooltip","tooltip_es_es":"i18n.es_es.tooltip","tooltip_fr_fr":"i18n.fr_fr.tooltip","tooltip_de_de":"i18n.de_de.tooltip","tooltip_i18n-key":"tooltip","value":"value","default-value":"defaultValue","description":"description","description_en_us":"i18n.en_us.description","description_it_it":"i18n.it_it.description","description_es_es":"i18n.es_es.description","description_fr_fr":"i18n.fr_fr.description","description_de_de":"i18n.de_de.description","description_i18n-key":"description","col-span":"size","ignored":"ignore","ignored-run":"ignore","visible":"visible","visible-run":"visible","enabled":"enabled","enabled-run":"enabled","required":"isRequired","required-run":"isRequired","style-class":"styleClass","custom-validations":"customValidations","validation-panel-display":"extraSettings.validationPanelDisplay","label":"label","label_en_us":"i18n.en_us.label","label_it_it":"i18n.it_it.label","label_es_es":"i18n.es_es.label","label_fr_fr":"i18n.fr_fr.label","label_de_de":"i18n.de_de.label","label_i18n-key":"label","id":"id","modelevents":"modelEvents","validation-regexp":"validationRegExp","validation-regexp-error-msg":"validationRegExpErrorMessage","validation-regexp-error-msg_en_us":"i18n.en_us.validationRegExpErrorMessage","validation-regexp-error-msg_it_it":"i18n.it_it.validationRegExpErrorMessage","validation-regexp-error-msg_es_es":"i18n.es_es.validationRegExpErrorMessage","validation-regexp-error-msg_fr_fr":"i18n.fr_fr.validationRegExpErrorMessage","validation-regexp-error-msg_de_de":"i18n.de_de.validationRegExpErrorMessage","validation-regexp-error-msg_i18n-key":"validationRegExpErrorMessage","validation-mask":"validationMask","validation-mask-error-msg":"validationMaskErrorMessage","validation-mask-error-msg_en_us":"i18n.en_us.validationMaskErrorMessage","validation-mask-error-msg_it_it":"i18n.it_it.validationMaskErrorMessage","validation-mask-error-msg_es_es":"i18n.es_es.validationMaskErrorMessage","validation-mask-error-msg_fr_fr":"i18n.fr_fr.validationMaskErrorMessage","validation-mask-error-msg_de_de":"i18n.de_de.validationMaskErrorMessage","validation-mask-error-msg_i18n-key":"validationMaskErrorMessage"},"pathMappingProperties":{},"xmlProperties":["min-length","min-length-run","min-length-error-msg","min-length-error-msg_en_us","min-length-error-msg_it_it","min-length-error-msg_es_es","min-length-error-msg_fr_fr","min-length-error-msg_de_de","min-length-error-msg_i18n-key","validation-regexp","validation-regexp-error-msg","validation-regexp-error-msg_en_us","validation-regexp-error-msg_it_it","validation-regexp-error-msg_es_es","validation-regexp-error-msg_fr_fr","validation-regexp-error-msg_de_de","validation-regexp-error-msg_i18n-key","validation-mask","validation-mask-error-msg","validation-mask-error-msg_en_us","validation-mask-error-msg_it_it","validation-mask-error-msg_es_es","validation-mask-error-msg_fr_fr","validation-mask-error-msg_de_de","validation-mask-error-msg_i18n-key"],"childShapes":[],"bounds":{"lowerRight":{"x":246,"y":73},"upperLeft":{"x":15,"y":25}},"outputmappingproperties":{"custom-validations":{"type":"formlist","placeholders":[]},"modelevents":{"type":"formlist","placeholders":[]}},"properties":{"stencilid":"cloud-text","stencilsuperid":"base-text","stencilsuperids":["base-text"],"customstencil":false,"bordercolor":"#000000","notes":"","min-length":"","min-length-run":"","min-length-error-msg":"","min-length-error-msg_en_us":"","min-length-error-msg_it_it":"","min-length-error-msg_es_es":"","min-length-error-msg_fr_fr":"","min-length-error-msg_de_de":"","min-length-error-msg_i18n-key":"","max-length":"","max-length-run":"","max-length-error-msg":"","max-length-error-msg_en_us":"","max-length-error-msg_it_it":"","max-length-error-msg_es_es":"","max-length-error-msg_fr_fr":"","max-length-error-msg_de_de":"","max-length-error-msg_i18n-key":"","placeholder":"","placeholder_en_us":"","placeholder_it_it":"","placeholder_es_es":"","placeholder_fr_fr":"","placeholder_de_de":"","placeholder_i18n-key":"","label-position":"top","tooltip":"","tooltip_en_us":"","tooltip_it_it":"","tooltip_es_es":"","tooltip_fr_fr":"","tooltip_de_de":"","tooltip_i18n-key":"","value":"{{user}}","default-value":"","description":"","description_en_us":"","description_it_it":"","description_es_es":"","description_fr_fr":"","description_de_de":"","description_i18n-key":"","col-span":"1","ignored":false,"ignored-run":"","visible":true,"visible-run":"","enabled":true,"enabled-run":"","required":false,"required-run":"","style-class":"","documentation":"","custom-validations":"","validation-panel-display":"show","label":"User","label_en_us":"User","label_it_it":"","label_es_es":"","label_fr_fr":"","label_de_de":"","label_i18n-key":"","id":"text2","width":"200","height":"","col":1,"col-align":"fill","col-weight":"","row":1,"row-align":"top","row-weight":"","size":3,"description-position":"bottom","description-align":"left","node-type":"","modelevents":"","validation-regexp":"","validation-regexp-error-msg":"","validation-regexp-error-msg_en_us":"","validation-regexp-error-msg_it_it":"","validation-regexp-error-msg_es_es":"","validation-regexp-error-msg_fr_fr":"","validation-regexp-error-msg_de_de":"","validation-regexp-error-msg_i18n-key":"","validation-mask":"","validation-mask-error-msg":"","validation-mask-error-msg_en_us":"","validation-mask-error-msg_it_it":"","validation-mask-error-msg_es_es":"","validation-mask-error-msg_fr_fr":"","validation-mask-error-msg_de_de":"","validation-mask-error-msg_i18n-key":"","xmlTag":"text"},"ssextensions":[],"outgoing":[],"dockers":[],"labels":[{"styles":{"fill":"#000000","size":"12","italic":false,"bold":false},"ref":"label_text"},{"styles":{"fill":"#000000","size":"12","italic":false,"bold":false},"ref":"input_text"},{"styles":{"fill":"#000000","size":"12","italic":false,"bold":false},"ref":"desc_text"}]},{"resourceId":"text3","stencil":{"id":"base-text"},"pathProperties":{"min-length":"extraSettings.minLength","min-length-run":"extraSettings.minLength","min-length-error-msg":"minLengthErrorMessage","min-length-error-msg_en_us":"i18n.en_us.minLengthErrorMessage","min-length-error-msg_it_it":"i18n.it_it.minLengthErrorMessage","min-length-error-msg_es_es":"i18n.es_es.minLengthErrorMessage","min-length-error-msg_fr_fr":"i18n.fr_fr.minLengthErrorMessage","min-length-error-msg_de_de":"i18n.de_de.minLengthErrorMessage","min-length-error-msg_i18n-key":"minLengthErrorMessage","max-length":"extraSettings.maxLength","max-length-run":"extraSettings.maxLength","max-length-error-msg":"maxLengthErrorMessage","max-length-error-msg_en_us":"i18n.en_us.maxLengthErrorMessage","max-length-error-msg_it_it":"i18n.it_it.maxLengthErrorMessage","max-length-error-msg_es_es":"i18n.es_es.maxLengthErrorMessage","max-length-error-msg_fr_fr":"i18n.fr_fr.maxLengthErrorMessage","max-length-error-msg_de_de":"i18n.de_de.maxLengthErrorMessage","max-length-error-msg_i18n-key":"maxLengthErrorMessage","placeholder":"placeholder","placeholder_en_us":"i18n.en_us.placeholder","placeholder_it_it":"i18n.it_it.placeholder","placeholder_es_es":"i18n.es_es.placeholder","placeholder_fr_fr":"i18n.fr_fr.placeholder","placeholder_de_de":"i18n.de_de.placeholder","placeholder_i18n-key":"placeholder","label-position":"labelAlign","tooltip":"tooltip","tooltip_en_us":"i18n.en_us.tooltip","tooltip_it_it":"i18n.it_it.tooltip","tooltip_es_es":"i18n.es_es.tooltip","tooltip_fr_fr":"i18n.fr_fr.tooltip","tooltip_de_de":"i18n.de_de.tooltip","tooltip_i18n-key":"tooltip","value":"value","default-value":"defaultValue","description":"description","description_en_us":"i18n.en_us.description","description_it_it":"i18n.it_it.description","description_es_es":"i18n.es_es.description","description_fr_fr":"i18n.fr_fr.description","description_de_de":"i18n.de_de.description","description_i18n-key":"description","col-span":"size","ignored":"ignore","ignored-run":"ignore","visible":"visible","visible-run":"visible","enabled":"enabled","enabled-run":"enabled","required":"isRequired","required-run":"isRequired","style-class":"styleClass","custom-validations":"customValidations","validation-panel-display":"extraSettings.validationPanelDisplay","label":"label","label_en_us":"i18n.en_us.label","label_it_it":"i18n.it_it.label","label_es_es":"i18n.es_es.label","label_fr_fr":"i18n.fr_fr.label","label_de_de":"i18n.de_de.label","label_i18n-key":"label","id":"id","modelevents":"modelEvents","validation-regexp":"validationRegExp","validation-regexp-error-msg":"validationRegExpErrorMessage","validation-regexp-error-msg_en_us":"i18n.en_us.validationRegExpErrorMessage","validation-regexp-error-msg_it_it":"i18n.it_it.validationRegExpErrorMessage","validation-regexp-error-msg_es_es":"i18n.es_es.validationRegExpErrorMessage","validation-regexp-error-msg_fr_fr":"i18n.fr_fr.validationRegExpErrorMessage","validation-regexp-error-msg_de_de":"i18n.de_de.validationRegExpErrorMessage","validation-regexp-error-msg_i18n-key":"validationRegExpErrorMessage","validation-mask":"validationMask","validation-mask-error-msg":"validationMaskErrorMessage","validation-mask-error-msg_en_us":"i18n.en_us.validationMaskErrorMessage","validation-mask-error-msg_it_it":"i18n.it_it.validationMaskErrorMessage","validation-mask-error-msg_es_es":"i18n.es_es.validationMaskErrorMessage","validation-mask-error-msg_fr_fr":"i18n.fr_fr.validationMaskErrorMessage","validation-mask-error-msg_de_de":"i18n.de_de.validationMaskErrorMessage","validation-mask-error-msg_i18n-key":"validationMaskErrorMessage"},"pathMappingProperties":{},"xmlProperties":["min-length","min-length-run","min-length-error-msg","min-length-error-msg_en_us","min-length-error-msg_it_it","min-length-error-msg_es_es","min-length-error-msg_fr_fr","min-length-error-msg_de_de","min-length-error-msg_i18n-key","validation-regexp","validation-regexp-error-msg","validation-regexp-error-msg_en_us","validation-regexp-error-msg_it_it","validation-regexp-error-msg_es_es","validation-regexp-error-msg_fr_fr","validation-regexp-error-msg_de_de","validation-regexp-error-msg_i18n-key","validation-mask","validation-mask-error-msg","validation-mask-error-msg_en_us","validation-mask-error-msg_it_it","validation-mask-error-msg_es_es","validation-mask-error-msg_fr_fr","validation-mask-error-msg_de_de","validation-mask-error-msg_i18n-key"],"childShapes":[],"bounds":{"lowerRight":{"x":984,"y":219},"upperLeft":{"x":15,"y":171}},"outputmappingproperties":{"custom-validations":{"type":"formlist","placeholders":[]},"modelevents":{"type":"formlist","placeholders":[]}},"properties":{"stencilid":"cloud-text","stencilsuperid":"base-text","stencilsuperids":["base-text"],"customstencil":false,"bordercolor":"#000000","notes":"","min-length":"","min-length-run":"","min-length-error-msg":"","min-length-error-msg_en_us":"","min-length-error-msg_it_it":"","min-length-error-msg_es_es":"","min-length-error-msg_fr_fr":"","min-length-error-msg_de_de":"","min-length-error-msg_i18n-key":"","max-length":"","max-length-run":"","max-length-error-msg":"","max-length-error-msg_en_us":"","max-length-error-msg_it_it":"","max-length-error-msg_es_es":"","max-length-error-msg_fr_fr":"","max-length-error-msg_de_de":"","max-length-error-msg_i18n-key":"","placeholder":"","placeholder_en_us":"","placeholder_it_it":"","placeholder_es_es":"","placeholder_fr_fr":"","placeholder_de_de":"","placeholder_i18n-key":"","label-position":"top","tooltip":"","tooltip_en_us":"","tooltip_it_it":"","tooltip_es_es":"","tooltip_fr_fr":"","tooltip_de_de":"","tooltip_i18n-key":"","value":"{{extensionApprover}}","default-value":"","description":"","description_en_us":"","description_it_it":"","description_es_es":"","description_fr_fr":"","description_de_de":"","description_i18n-key":"","col-span":"1","ignored":false,"ignored-run":"","visible":true,"visible-run":"","enabled":true,"enabled-run":"","required":false,"required-run":"","style-class":"","documentation":"","custom-validations":"","validation-panel-display":"show","label":"extensionApprover","label_en_us":"extensionApprover","label_it_it":"","label_es_es":"","label_fr_fr":"","label_de_de":"","label_i18n-key":"","id":"text3","width":"200","height":"","col":1,"col-align":"fill","col-weight":"","row":3,"row-align":"top","row-weight":"","size":12,"description-position":"bottom","description-align":"left","node-type":"","modelevents":"","validation-regexp":"","validation-regexp-error-msg":"","validation-regexp-error-msg_en_us":"","validation-regexp-error-msg_it_it":"","validation-regexp-error-msg_es_es":"","validation-regexp-error-msg_fr_fr":"","validation-regexp-error-msg_de_de":"","validation-regexp-error-msg_i18n-key":"","validation-mask":"","validation-mask-error-msg":"","validation-mask-error-msg_en_us":"","validation-mask-error-msg_it_it":"","validation-mask-error-msg_es_es":"","validation-mask-error-msg_fr_fr":"","validation-mask-error-msg_de_de":"","validation-mask-error-msg_i18n-key":"","xmlTag":"text"},"ssextensions":[],"outgoing":[],"dockers":[],"labels":[{"styles":{"fill":"#000000","size":"12","italic":false,"bold":false},"ref":"label_text"},{"styles":{"fill":"#000000","size":"12","italic":false,"bold":false},"ref":"input_text"},{"styles":{"fill":"#000000","size":"12","italic":false,"bold":false},"ref":"desc_text"}]},{"resourceId":"text4","stencil":{"id":"base-text"},"pathProperties":{"min-length":"extraSettings.minLength","min-length-run":"extraSettings.minLength","min-length-error-msg":"minLengthErrorMessage","min-length-error-msg_en_us":"i18n.en_us.minLengthErrorMessage","min-length-error-msg_it_it":"i18n.it_it.minLengthErrorMessage","min-length-error-msg_es_es":"i18n.es_es.minLengthErrorMessage","min-length-error-msg_fr_fr":"i18n.fr_fr.minLengthErrorMessage","min-length-error-msg_de_de":"i18n.de_de.minLengthErrorMessage","min-length-error-msg_i18n-key":"minLengthErrorMessage","max-length":"extraSettings.maxLength","max-length-run":"extraSettings.maxLength","max-length-error-msg":"maxLengthErrorMessage","max-length-error-msg_en_us":"i18n.en_us.maxLengthErrorMessage","max-length-error-msg_it_it":"i18n.it_it.maxLengthErrorMessage","max-length-error-msg_es_es":"i18n.es_es.maxLengthErrorMessage","max-length-error-msg_fr_fr":"i18n.fr_fr.maxLengthErrorMessage","max-length-error-msg_de_de":"i18n.de_de.maxLengthErrorMessage","max-length-error-msg_i18n-key":"maxLengthErrorMessage","placeholder":"placeholder","placeholder_en_us":"i18n.en_us.placeholder","placeholder_it_it":"i18n.it_it.placeholder","placeholder_es_es":"i18n.es_es.placeholder","placeholder_fr_fr":"i18n.fr_fr.placeholder","placeholder_de_de":"i18n.de_de.placeholder","placeholder_i18n-key":"placeholder","label-position":"labelAlign","tooltip":"tooltip","tooltip_en_us":"i18n.en_us.tooltip","tooltip_it_it":"i18n.it_it.tooltip","tooltip_es_es":"i18n.es_es.tooltip","tooltip_fr_fr":"i18n.fr_fr.tooltip","tooltip_de_de":"i18n.de_de.tooltip","tooltip_i18n-key":"tooltip","value":"value","default-value":"defaultValue","description":"description","description_en_us":"i18n.en_us.description","description_it_it":"i18n.it_it.description","description_es_es":"i18n.es_es.description","description_fr_fr":"i18n.fr_fr.description","description_de_de":"i18n.de_de.description","description_i18n-key":"description","col-span":"size","ignored":"ignore","ignored-run":"ignore","visible":"visible","visible-run":"visible","enabled":"enabled","enabled-run":"enabled","required":"isRequired","required-run":"isRequired","style-class":"styleClass","custom-validations":"customValidations","validation-panel-display":"extraSettings.validationPanelDisplay","label":"label","label_en_us":"i18n.en_us.label","label_it_it":"i18n.it_it.label","label_es_es":"i18n.es_es.label","label_fr_fr":"i18n.fr_fr.label","label_de_de":"i18n.de_de.label","label_i18n-key":"label","id":"id","modelevents":"modelEvents","validation-regexp":"validationRegExp","validation-regexp-error-msg":"validationRegExpErrorMessage","validation-regexp-error-msg_en_us":"i18n.en_us.validationRegExpErrorMessage","validation-regexp-error-msg_it_it":"i18n.it_it.validationRegExpErrorMessage","validation-regexp-error-msg_es_es":"i18n.es_es.validationRegExpErrorMessage","validation-regexp-error-msg_fr_fr":"i18n.fr_fr.validationRegExpErrorMessage","validation-regexp-error-msg_de_de":"i18n.de_de.validationRegExpErrorMessage","validation-regexp-error-msg_i18n-key":"validationRegExpErrorMessage","validation-mask":"validationMask","validation-mask-error-msg":"validationMaskErrorMessage","validation-mask-error-msg_en_us":"i18n.en_us.validationMaskErrorMessage","validation-mask-error-msg_it_it":"i18n.it_it.validationMaskErrorMessage","validation-mask-error-msg_es_es":"i18n.es_es.validationMaskErrorMessage","validation-mask-error-msg_fr_fr":"i18n.fr_fr.validationMaskErrorMessage","validation-mask-error-msg_de_de":"i18n.de_de.validationMaskErrorMessage","validation-mask-error-msg_i18n-key":"validationMaskErrorMessage"},"pathMappingProperties":{},"xmlProperties":["min-length","min-length-run","min-length-error-msg","min-length-error-msg_en_us","min-length-error-msg_it_it","min-length-error-msg_es_es","min-length-error-msg_fr_fr","min-length-error-msg_de_de","min-length-error-msg_i18n-key","validation-regexp","validation-regexp-error-msg","validation-regexp-error-msg_en_us","validation-regexp-error-msg_it_it","validation-regexp-error-msg_es_es","validation-regexp-error-msg_fr_fr","validation-regexp-error-msg_de_de","validation-regexp-error-msg_i18n-key","validation-mask","validation-mask-error-msg","validation-mask-error-msg_en_us","validation-mask-error-msg_it_it","validation-mask-error-msg_es_es","validation-mask-error-msg_fr_fr","validation-mask-error-msg_de_de","validation-mask-error-msg_i18n-key"],"childShapes":[],"bounds":{"lowerRight":{"x":984,"y":146},"upperLeft":{"x":15,"y":98}},"outputmappingproperties":{"custom-validations":{"type":"formlist","placeholders":[]},"modelevents":{"type":"formlist","placeholders":[]}},"properties":{"stencilid":"cloud-text","stencilsuperid":"base-text","stencilsuperids":["base-text"],"customstencil":false,"bordercolor":"#000000","notes":"","min-length":"","min-length-run":"","min-length-error-msg":"","min-length-error-msg_en_us":"","min-length-error-msg_it_it":"","min-length-error-msg_es_es":"","min-length-error-msg_fr_fr":"","min-length-error-msg_de_de":"","min-length-error-msg_i18n-key":"","max-length":"","max-length-run":"","max-length-error-msg":"","max-length-error-msg_en_us":"","max-length-error-msg_it_it":"","max-length-error-msg_es_es":"","max-length-error-msg_fr_fr":"","max-length-error-msg_de_de":"","max-length-error-msg_i18n-key":"","placeholder":"","placeholder_en_us":"","placeholder_it_it":"","placeholder_es_es":"","placeholder_fr_fr":"","placeholder_de_de":"","placeholder_i18n-key":"","label-position":"top","tooltip":"","tooltip_en_us":"","tooltip_it_it":"","tooltip_es_es":"","tooltip_fr_fr":"","tooltip_de_de":"","tooltip_i18n-key":"","value":"{{taskId}}","default-value":"","description":"","description_en_us":"","description_it_it":"","description_es_es":"","description_fr_fr":"","description_de_de":"","description_i18n-key":"","col-span":"1","ignored":false,"ignored-run":"","visible":true,"visible-run":"","enabled":true,"enabled-run":"","required":false,"required-run":"","style-class":"","documentation":"","custom-validations":"","validation-panel-display":"show","label":"Task Id","label_en_us":"Task Id","label_it_it":"","label_es_es":"","label_fr_fr":"","label_de_de":"","label_i18n-key":"","id":"text4","width":"200","height":"","col":1,"col-align":"fill","col-weight":"","row":2,"row-align":"top","row-weight":"","size":12,"description-position":"bottom","description-align":"left","node-type":"","modelevents":"","validation-regexp":"","validation-regexp-error-msg":"","validation-regexp-error-msg_en_us":"","validation-regexp-error-msg_it_it":"","validation-regexp-error-msg_es_es":"","validation-regexp-error-msg_fr_fr":"","validation-regexp-error-msg_de_de":"","validation-regexp-error-msg_i18n-key":"","validation-mask":"","validation-mask-error-msg":"","validation-mask-error-msg_en_us":"","validation-mask-error-msg_it_it":"","validation-mask-error-msg_es_es":"","validation-mask-error-msg_fr_fr":"","validation-mask-error-msg_de_de":"","validation-mask-error-msg_i18n-key":"","xmlTag":"text"},"ssextensions":[],"outgoing":[],"dockers":[],"labels":[{"styles":{"fill":"#000000","size":"12","italic":false,"bold":false},"ref":"label_text"},{"styles":{"fill":"#000000","size":"12","italic":false,"bold":false},"ref":"input_text"},{"styles":{"fill":"#000000","size":"12","italic":false,"bold":false},"ref":"desc_text"}]}],"bounds":{"lowerRight":{"x":1049,"y":294},"upperLeft":{"x":50,"y":50}},"oldResourceId":"sid-8D9FC954-EB33-4C05-ADF0-5706EF50E974","properties":{"stencilid":"SlotPanel","stencilsuperid":"SlotPanel","stencilsuperids":["SlotPanel"],"customstencil":false,"id":"panel1","notes":"","width":"300"},"ssextensions":[],"outgoing":[],"dockers":[]}],"bounds":{"lowerRight":{"x":1485,"y":1050},"upperLeft":{"x":0,"y":0}},"outputmappingproperties":{"outcomes":{"type":"formlist","placeholders":[]},"events":{"type":"formlist","placeholders":[]},"custom-validations":{"type":"formlist","placeholders":[]}},"properties":{"stencilid":"XForm","stencilsuperid":"XForm","stencilsuperids":["XForm"],"customstencil":false,"id":"jOB_E_Form_Approver_ChnageVariable","notes":"","name":"JOB_E_Form_Approver_ChnageVariable","guid":"FORM_MODEL-ae0aebfd-a8d1-49a5-84b4-212d00826061","creationdate":"2023-06-09T16:50:45.959Z","modificationdate":"2023-06-15T15:24:23.692Z","outcomes":"","outcomevariablename":"","events":"","dialog-size":"","dialog-size-run":"","dialog-title":"","dialog-title_en_us":"","dialog-title_it_it":"","dialog-title_es_es":"","dialog-title_fr_fr":"","dialog-title_de_de":"","dialog-title_i18n-key":"","dialog-description":"","force-validation":"","custom-validations":"","validation-panel-display":"show","description":""},"ssextensions":[],"stencilset":{"url":"./app/editor_stencilset","paletteKey":"flowable-form-palette","namespace":"http://b3mn.org/stencilset/xforms2.0#"}}}