{"id":"DATA_OBJECT_MODEL-9883231d-ef28-48c0-b9e6-e963889c09ea","name":"JOB_E_DataObj_GetTheUserDetails","key":"jOB_E_DataObj_GetTheUserDetails","description":null,"tenantId":"default","editorJson":{"fieldMappings":[{"label":"Task Identifier","name":"taskIdentifier","type":"STRING","lookupId":true,"description":""},{"label":"Case Id","name":"caseId","type":"STRING","lookupId":false,"description":""},{"label":"PY_IDS","name":"PY_Ids","type":"JSON","lookupId":false,"description":""}],"dataObjectType":"serviceRegistryDataObject","sourceId":"flowableServiceRegistryDataSource","definitionIdentityLinks":{"queryInstances":{"groups":["flowableUser"]},"createInstances":{"groups":["flowableUser"]},"deleteInstances":{"groups":["flowableUser"]},"updateInstances":{"groups":["flowableUser"]}},"instanceIdentityLinks":[{"type":"owner","groups":["flowableUser"]},{"type":"watcher","groups":["flowableUser"]}],"referencedServiceDefinitionModelKey":"jOB_E_Service_GetTheUserPyids"}}