{"id":"APP_MODEL-fb32709c-b84f-4cbb-91b8-a76adb3eb0e8","name":"JOB_E_POC_ChnageVariable","key":"jOB_E_POC_ChnageVariable","description":"","editorJson":{"models":[{"id":"PROCESS_MODEL-36bc3fa0-5dc3-4789-a9d9-013f739badbc","name":"JOB_E_Process_ChnageVariable","version":236,"modelType":0,"description":"","createdBy":"akashb21","lastUpdatedBy":"akashb21","lastUpdated":"2023-06-22T20:53:17.671+00:00","lockedBy":"akashb21","lockedAt":"2023-06-09T15:03:40.079+00:00","key":"jOB_E_Process_ChnageVariable","tenantId":"default","tags":[],"modelLockingEnabled":true,"modelEditable":true,"isModelEditable":true,"isModelLockingEnabled":true},{"id":"PROCESS_MODEL-aea42b94-710e-45ab-b11b-953c0322964f","name":"jOB_E_Process_StartingProcessUsingTaskListeners","version":570,"modelType":0,"description":"","createdBy":"akashb21","lastUpdatedBy":"akashb21","lastUpdated":"2023-06-27T19:00:44.663+00:00","lockedBy":"akashb21","lockedAt":"2023-06-13T18:00:17.916+00:00","key":"jOB_E_Process_StartingProcessUsingTaskListeners","tenantId":"default","tags":[],"modelLockingEnabled":true,"modelEditable":true,"isModelEditable":true,"isModelLockingEnabled":true},{"id":"PROCESS_MODEL-03b6d2dd-fee0-4a71-acb6-8072dca80ac0","name":"JOB_E_Process_test","version":32,"modelType":0,"description":"","createdBy":"akashb21","lastUpdatedBy":"akashb21","lastUpdated":"2023-06-27T17:45:41.311+00:00","lockedBy":"akashb21","lockedAt":"2023-06-20T20:58:05.948+00:00","key":"jOB_E_Process_test","tenantId":"default","tags":[],"modelLockingEnabled":true,"modelEditable":true,"isModelEditable":true,"isModelLockingEnabled":true},{"id":"PROCESS_MODEL-8ec4378e-da2a-403c-a428-008b0feac2c4","name":"Job_E_Process_Manual_Task_Assignment","version":7,"modelType":0,"description":"","createdBy":"akashb21","lastUpdatedBy":"akashb21","lastUpdated":"2023-06-23T19:03:26.615+00:00","lockedBy":"akashb21","lockedAt":"2023-06-23T18:29:30.808+00:00","key":"job_E_Process_Manual_Task_Assignment","tenantId":"default","tags":[],"modelLockingEnabled":true,"modelEditable":true,"isModelEditable":true,"isModelLockingEnabled":true}],"cmmnModels":[],"formModels":[{"id":"FORM_MODEL-ae0aebfd-a8d1-49a5-84b4-212d00826061","name":"JOB_E_Form_Approver_ChnageVariable","version":15,"modelType":2,"createdBy":"akashb21","lastUpdatedBy":"akashb21","lastUpdated":"2023-06-15T15:24:23.692+00:00","lockedBy":"akashb21","lockedAt":"2023-06-13T14:12:35.196+00:00","key":"jOB_E_Form_Approver_ChnageVariable","tenantId":"default","tags":[],"modelLockingEnabled":true,"modelEditable":true,"isModelEditable":true,"isModelLockingEnabled":true},{"id":"FORM_MODEL-22270a16-fa01-4295-ad64-6e2124c6be07","name":"Job_E__Form_Manual_Task_Assignment","version":4,"modelType":2,"description":"","createdBy":"akashb21","lastUpdatedBy":"akashb21","lastUpdated":"2023-06-23T19:04:27.097+00:00","lockedBy":"akashb21","lockedAt":"2023-06-23T18:03:32.618+00:00","key":"job_E__Form_Manual_Task_Assignment","tenantId":"default","tags":[],"modelLockingEnabled":true,"modelEditable":true,"isModelEditable":true,"isModelLockingEnabled":true}],"dmnModels":[],"decisionServiceModels":[],"workModels":[{"id":"DATA_OBJECT_MODEL-9883231d-ef28-48c0-b9e6-e963889c09ea","name":"JOB_E_DataObj_GetTheUserDetails","version":14,"modelType":11,"createdBy":"akashb21","lastUpdatedBy":"akashb21","lastUpdated":"2023-06-19T16:00:16.385+00:00","lockedBy":"akashb21","lockedAt":"2023-06-14T19:11:32.500+00:00","key":"jOB_E_DataObj_GetTheUserDetails","tenantId":"default","tags":[],"modelLockingEnabled":true,"modelEditable":true,"isModelEditable":true,"isModelLockingEnabled":true},{"id":"SERVICE_DEFINITION_MODEL-1c8b5797-6cee-4701-9d6f-f478f25f9924","name":"JOB_E_Service_GetTheUserPyids","version":35,"modelType":13,"createdBy":"akashb21","lastUpdatedBy":"akashb21","lastUpdated":"2023-06-19T16:16:40.849+00:00","lockedBy":"akashb21","lockedAt":"2023-06-16T17:21:31.653+00:00","key":"jOB_E_Service_GetTheUserPyids","tenantId":"default","tags":[],"modelLockingEnabled":true,"modelEditable":true,"isModelEditable":true,"isModelLockingEnabled":true}],"linkedModels":[],"pages":[],"theme":"theme-1","icon":"glyphicon-asterisk","flowApp":true,"i18n":{},"isRelease":false}}